grid_id,week_start,lat,lon,recent_fishing_hours,predicted_fishing_hours,historical_baseline,absolute_change,percent_change,risk_score,risk_category
10.25_100.25,2023-12-12,10.25,100.25,6.020888992621483,4.122010601226224,0.531186026582166,3.590824574644058,568.9011517077074,64.66275659824046,LOW
10.25_100.75,2023-12-12,10.25,100.75,1.9430779611633806,0.5774914972786258,9.400079239447546,-8.82258774216892,-92.86857003817978,14.222873900293257,LOW
10.25_101.25,2023-12-12,10.25,101.25,1.0368362262639947,0.5774914972786258,0.0,0.5774914972786258,577.4914972786257,63.56304985337243,LOW
10.25_101.75,2023-12-12,10.25,101.75,14.017293173718787,10.078184985584949,0.013988153022047131,10.064196832562901,8829.160369513422,87.97653958944281,MEDIUM
10.25_102.25,2023-12-12,10.25,102.25,1.082244857564859,0.5774914972786258,9.400079239447546,-8.82258774216892,-92.86857003817978,14.222873900293257,LOW
10.25_102.75,2023-12-12,10.25,102.75,28.628546761720557,22.444591226475758,9.400079239447546,13.044511987028212,137.30950719719243,53.44574780058651,LOW
10.25_103.25,2023-12-12,10.25,103.25,11.527215116340725,9.224317112023362,9.400079239447546,-0.17576212742418384,-1.850112225320816,43.841642228739005,LOW
10.25_103.75,2023-12-12,10.25,103.75,9.50406837450957,7.894499149623826,9.400079239447546,-1.5055800898237202,-15.84807928308684,41.71554252199414,LOW
10.25_106.75,2023-12-12,10.25,106.75,399.8122588395175,298.25247847856014,4.4034049975408385,293.8490734810193,6525.042132374961,85.04398826979472,MEDIUM
10.25_107.25,2023-12-12,10.25,107.25,5236.852633034657,4369.145355052483,295.2844124933187,4073.8609425591644,1379.1726205766902,71.40762463343108,MEDIUM
10.25_107.75,2023-12-12,10.25,107.75,1203.7301238158802,957.6652113126114,13.289243378305464,944.3759679343059,7053.243721482235,85.77712609970675,MEDIUM
10.25_108.25,2023-12-12,10.25,108.25,321.12264875306545,244.9534217233917,0.44960381097421576,244.50381791241747,44487.285755718345,98.09384164222874,HIGH
10.25_108.75,2023-12-12,10.25,108.75,206.06626486507452,158.78492431985006,9.400079239447546,149.38484508040253,1572.458937606605,72.43401759530792,MEDIUM
10.25_109.25,2023-12-12,10.25,109.25,290.44748816649167,224.2337858179475,0.20314014492770724,224.0306456730198,73903.3247234366,98.97360703812316,HIGH
10.25_109.75,2023-12-12,10.25,109.75,11.871563177260496,9.28061583227653,9.400079239447546,-0.11946340717101656,-1.257499060375876,43.988269794721404,LOW
10.25_110.25,2023-12-12,10.25,110.25,2.6629647304965878,1.7299811543518746,9.400079239447546,-7.670098085095671,-80.73720115140543,30.86510263929619,LOW
10.25_110.75,2023-12-12,10.25,110.75,36.682620514783856,27.70668232377658,9.400079239447546,18.306603084329033,192.69947779292008,56.524926686217015,LOW
10.25_111.25,2023-12-12,10.25,111.25,7.801985674745315,4.74792997071566,0.3576165591087885,4.390313411606871,959.3869199482286,69.20821114369502,LOW
10.25_111.75,2023-12-12,10.25,111.75,11.979797687959582,9.28061583227653,0.5392493642297951,8.741366468046735,1367.4423405299501,71.26099706744868,MEDIUM
10.25_112.25,2023-12-12,10.25,112.25,6.362831067317596,4.440531423126886,9.400079239447546,-4.95954781632066,-52.20533104320791,37.903225806451616,LOW
10.25_112.75,2023-12-12,10.25,112.75,2.2391188747700905,0.8979445043810281,0.011582059000120524,0.8863624453809076,794.3592843899306,67.15542521994135,LOW
10.25_113.25,2023-12-12,10.25,113.25,0.42444299361171667,0.5774914972786258,9.400079239447546,-8.82258774216892,-92.86857003817978,14.222873900293257,LOW
10.25_113.75,2023-12-12,10.25,113.75,1.0239912237257296,0.5774914972786258,9.400079239447546,-8.82258774216892,-92.86857003817978,14.222873900293257,LOW
10.25_99.25,2023-12-12,10.25,99.25,2.882131769054982,2.208995915587046,9.400079239447546,-7.1910833238605,-75.69498256394208,31.524926686217007,LOW
10.25_99.75,2023-12-12,10.25,99.75,2.99136441534323,3.2119144520719862,0.0,3.2119144520719862,3211.914452071986,79.32551319648094,MEDIUM
10.75_100.25,2023-12-12,10.75,100.25,5.457792325530038,3.6276992190497324,9.400079239447546,-5.772380020397813,-60.76138814115294,35.70381231671554,LOW
10.75_100.75,2023-12-12,10.75,100.75,13.321387810549659,9.464845601570339,9.400079239447546,0.06476636212279274,0.681745493804524,44.794721407624635,LOW
10.75_101.25,2023-12-12,10.75,101.25,19.18358196183565,14.79225248728344,2.1685552203413314,12.62369726694211,556.4641827428261,64.51612903225806,LOW
10.75_101.75,2023-12-12,10.75,101.75,66.84183653384505,49.48174720089217,5.885429604346624,43.596317596545546,728.3740763551186,67.44868035190615,LOW
10.75_102.25,2023-12-12,10.75,102.25,1.5945760870712415,0.5774914972786258,2.3247653891477222,-1.7472738918690964,-72.05950314571437,31.671554252199414,LOW
10.75_102.75,2023-12-12,10.75,102.75,0.4407357046697538,0.5774914972786258,9.400079239447546,-8.82258774216892,-92.86857003817978,14.222873900293257,LOW
10.75_103.25,2023-12-12,10.75,103.25,44.37579197562765,32.572577625665645,9.400079239447546,23.1724983862181,243.91900111735953,58.504398826979475,LOW
10.75_103.75,2023-12-12,10.75,103.75,18.769512604478116,14.79225248728344,0.348251636226045,14.444000851057394,3222.297407024645,79.76539589442815,MEDIUM
10.75_106.75,2023-12-12,10.75,106.75,0.745036299243553,0.5774914972786258,7.294351312451309,-6.7168598151726835,-90.83771559328267,28.299120234604107,LOW
10.75_107.25,2023-12-12,10.75,107.25,1.399447117395959,0.5774914972786258,1.4825260814648673,-0.9050345841862415,-57.18923654948517,34.01759530791789,LOW
10.75_107.75,2023-12-12,10.75,107.75,56.54733194613247,41.589127956930675,0.16811122423965028,41.42101673269102,15449.191599553098,92.96187683284457,HIGH
10.75_108.25,2023-12-12,10.75,108.25,371.1307498701816,282.24328925302177,0.23751093618629032,282.00577831683546,83554.56018799385,99.12023460410558,HIGH
10.75_108.75,2023-12-12,10.75,108.75,436.8659547839231,342.80152761686156,0.14059948014577284,342.66092813671577,142419.64609778314,99.41348973607037,HIGH
10.75_109.25,2023-12-12,10.75,109.25,766.5508416303738,561.919696990801,9.400079239447546,552.5196177513534,5815.947465544338,84.3108504398827,MEDIUM
10.75_109.75,2023-12-12,10.75,109.75,173.93203490466738,131.1149877720533,9.400079239447546,121.71490853260575,1281.198877028354,70.96774193548387,MEDIUM
10.75_110.25,2023-12-12,10.75,110.25,33.68909419877589,25.063345511907176,9.400079239447546,15.66326627245963,164.8751118561248,55.57184750733137,LOW
10.75_110.75,2023-12-12,10.75,110.75,3.448693579348978,3.471179392068367,9.400079239447546,-5.92889984737918,-62.4089515249555,34.384164222873906,LOW
10.75_111.25,2023-12-12,10.75,111.25,4.756582460125053,3.6276992190497324,0.6149316492350564,3.012767569814676,421.4063782234564,62.4633431085044,LOW
10.75_111.75,2023-12-12,10.75,111.75,3.0223676399970065,3.2961790057318567,0.5576506131697071,2.7385283925621495,416.410832396726,62.17008797653959,LOW
10.75_112.25,2023-12-12,10.75,112.25,4.433160377212139,3.6276992190497324,9.400079239447546,-5.772380020397813,-60.76138814115294,35.70381231671554,LOW
10.75_112.75,2023-12-12,10.75,112.75,1.174653034970275,0.5774914972786258,9.400079239447546,-8.82258774216892,-92.86857003817978,14.222873900293257,LOW
10.75_113.25,2023-12-12,10.75,113.25,0.6669027683643735,0.5774914972786258,9.400079239447546,-8.82258774216892,-92.86857003817978,14.222873900293257,LOW
10.75_113.75,2023-12-12,10.75,113.75,0.08165097813007206,0.5774914972786258,9.400079239447546,-8.82258774216892,-92.86857003817978,14.222873900293257,LOW
10.75_114.25,2023-12-12,10.75,114.25,0.022865586466148405,0.5774914972786258,9.400079239447546,-8.82258774216892,-92.86857003817978,14.222873900293257,LOW
10.75_99.75,2023-12-12,10.75,99.75,5.700456957805362,3.665762771890318,0.04747753718679363,3.6182852347035244,2453.4483716802506,76.09970674486803,MEDIUM
11.25_100.25,2023-12-12,11.25,100.25,27.021395909694142,21.426264905602444,0.14218091896672894,21.284083986635714,8788.50574910889,88.12316715542522,MEDIUM
11.25_100.75,2023-12-12,11.25,100.75,31.44713347071264,23.27076459805176,0.14134411708253866,23.12942048096922,9583.585778085926,88.70967741935483,MEDIUM
11.25_101.25,2023-12-12,11.25,101.25,75.42109523629439,58.106519287400864,2.109840939138313,55.99667834826255,2533.9687285410428,76.97947214076247,MEDIUM
11.25_101.75,2023-12-12,11.25,101.75,98.3606003987599,74.06611979616477,2.127034965129709,71.93908483103506,3230.2629261523566,80.05865102639295,MEDIUM
11.25_102.25,2023-12-12,11.25,102.25,33.38348600299358,24.49574135833599,1.1903974368461552,23.305343921489836,1806.0593779890128,74.48680351906158,MEDIUM
11.25_102.75,2023-12-12,11.25,102.75,10.381638773577023,8.029584145228458,0.07354274917186923,7.956041396056589,4584.4850528311445,82.25806451612904,MEDIUM
11.25_103.25,2023-12-12,11.25,103.25,0.29419283723201545,0.5774914972786258,9.400079239447546,-8.82258774216892,-92.86857003817978,14.222873900293257,LOW
11.25_108.25,2023-12-12,11.25,108.25,0.9962962301294835,0.5774914972786258,9.400079239447546,-8.82258774216892,-92.86857003817978,14.222873900293257,LOW
11.25_108.75,2023-12-12,11.25,108.75,36.814823355634935,27.70668232377658,1.5399919496256995,26.166690374150882,1595.5377329823468,72.58064516129032,MEDIUM
11.25_109.25,2023-12-12,11.25,109.25,862.9012710499617,662.127252431404,9.071335361170286,653.0559170702337,7120.6197500437065,85.92375366568915,MEDIUM
11.25_109.75,2023-12-12,11.25,109.75,386.7997525864422,287.4550274723313,9.400079239447546,278.05494823288376,2926.869778920427,78.59237536656892,MEDIUM
11.25_110.25,2023-12-12,11.25,110.25,6.648332715183712,4.527961494729635,9.400079239447546,-4.872117744717911,-51.28502217631225,38.34310850439883,LOW
11.25_110.75,2023-12-12,11.25,110.75,2.2391755374891256,0.8979445043810281,9.400079239447546,-8.502134735066518,-89.49540862525416,29.03225806451613,LOW
11.25_111.25,2023-12-12,11.25,111.25,2.541035276473706,1.5789111430192824,0.39646626269402957,1.1824448803252527,238.1722524122428,57.478005865102645,LOW
11.25_111.75,2023-12-12,11.25,111.75,4.639238327673347,3.6276992190497324,0.2629405041921957,3.364758714857537,927.0827245767323,68.76832844574781,LOW
11.25_112.25,2023-12-12,11.25,112.25,3.1439963457419307,3.3380955939126915,0.09193231349472805,3.2461632804179636,1691.3062846539012,73.16715542521995,MEDIUM
11.25_112.75,2023-12-12,11.25,112.75,0.27859315481448865,0.5774914972786258,0.024059148363421597,0.5534323489152042,446.10361768240364,61.43695014662757,LOW
11.25_113.25,2023-12-12,11.25,113.25,1.0638163978662554,0.5774914972786258,9.400079239447546,-8.82258774216892,-92.86857003817978,14.222873900293257,LOW
11.25_113.75,2023-12-12,11.25,113.75,0.6746873542257042,0.5774914972786258,9.400079239447546,-8.82258774216892,-92.86857003817978,14.222873900293257,LOW
11.25_114.25,2023-12-12,11.25,114.25,0.27991383203508396,0.5774914972786258,9.400079239447546,-8.82258774216892,-92.86857003817978,14.222873900293257,LOW
11.25_99.75,2023-12-12,11.25,99.75,38.348761615996864,28.13886071151679,6.039741928046634,22.099118783470157,359.9356299084874,61.29032258064516,LOW
11.75_100.25,2023-12-12,11.75,100.25,94.6479893088266,70.99259558241171,0.8545423680051938,70.13805321440651,7347.819810343388,86.36363636363636,MEDIUM
11.75_100.75,2023-12-12,11.75,100.75,60.00597201200752,45.98916652320924,0.6092518063434386,45.379914716865805,6398.279752126799,84.89736070381232,MEDIUM
11.75_101.25,2023-12-12,11.75,101.25,196.8581110027215,150.2059274125104,0.9944871539744131,149.211440258536,13633.000599112032,91.78885630498533,HIGH
11.75_101.75,2023-12-12,11.75,101.75,130.6477979072092,99.3618713999461,0.25535478689094065,99.10651661305515,27889.455909727538,96.04105571847508,HIGH
11.75_102.25,2023-12-12,11.75,102.25,143.08771430841935,108.93034070204078,4.911070630287243,104.01927007175354,2075.789342162814,75.65982404692082,MEDIUM
11.75_102.75,2023-12-12,11.75,102.75,4.756360167919606,3.6276992190497324,10.50993430838612,-6.882235089336387,-64.86595382496054,32.84457478005865,LOW
11.75_109.25,2023-12-12,11.75,109.25,158.71080278757842,116.9149286779198,1.919212025757829,114.99571665216197,5695.07883200146,83.87096774193549,MEDIUM
11.75_109.75,2023-12-12,11.75,109.75,283.8724988030933,208.51970246908823,9.400079239447546,199.1196232296407,2095.9785514506934,75.80645161290323,MEDIUM
11.75_110.25,2023-12-12,11.75,110.25,2.7000003553922913,1.7299811543518746,9.400079239447546,-7.670098085095671,-80.73720115140543,30.86510263929619,LOW
11.75_110.75,2023-12-12,11.75,110.75,4.194810828924899,3.6276992190497324,0.2971440337399651,3.330555185309767,838.6265189345609,68.03519061583577,LOW
11.75_111.25,2023-12-12,11.75,111.25,2.9293013033166404,2.8386376495497436,9.400079239447546,-6.561441589897802,-69.06723012006547,31.964809384164223,LOW
11.75_111.75,2023-12-12,11.75,111.75,5.75459600650838,3.7478749879035886,0.13135759478341658,3.616517393120172,1563.1721087460921,71.99413489736071,MEDIUM
11.75_112.25,2023-12-12,11.75,112.25,2.249989399483505,0.8979445043810281,0.11527038700510764,0.7826741173759205,363.5772333875863,60.117302052785924,LOW
11.75_112.75,2023-12-12,11.75,112.75,2.6787823464488656,1.7299811543518746,0.18658396102851507,1.5433971933233595,538.54974569557,63.929618768328446,LOW
11.75_113.25,2023-12-12,11.75,113.25,1.9971647058180577,0.5774914972786258,0.02262532032964193,0.5548661769489839,452.4890744076265,61.73020527859238,LOW
11.75_113.75,2023-12-12,11.75,113.75,0.04376541244883647,0.5774914972786258,9.400079239447546,-8.82258774216892,-92.86857003817978,14.222873900293257,LOW
11.75_114.25,2023-12-12,11.75,114.25,0.0459839758326088,0.5774914972786258,9.400079239447546,-8.82258774216892,-92.86857003817978,14.222873900293257,LOW
11.75_114.75,2023-12-12,11.75,114.75,0.015948376073129433,0.5774914972786258,9.400079239447546,-8.82258774216892,-92.86857003817978,14.222873900293257,LOW
11.75_99.75,2023-12-12,11.75,99.75,16.05482788751425,12.9267700200736,0.06158004115585058,12.86518997891775,7962.115795297233,86.65689149560117,MEDIUM
12.25_100.25,2023-12-12,12.25,100.25,185.51129254910686,138.24413896997186,4.4410767596876415,133.80306221028422,2946.5051856883365,78.88563049853371,MEDIUM
12.25_100.75,2023-12-12,12.25,100.75,207.1425078330923,159.3431085496937,2.5893582966060595,156.75375025308765,5828.667398126502,84.4574780058651,MEDIUM
12.25_101.25,2023-12-12,12.25,101.25,657.190503725445,505.56029092904225,18.971954349431947,486.5883365796103,2551.329180347494,77.27272727272727,MEDIUM
12.25_101.75,2023-12-12,12.25,101.75,246.3327849241673,185.75202751986458,1.6990088157761267,184.05301870408846,10230.801377406506,89.73607038123167,MEDIUM
12.25_102.25,2023-12-12,12.25,102.25,36.97447710452334,27.70668232377658,1.5922776319300784,26.114404691846502,1543.1513245295614,72.14076246334311,MEDIUM
12.25_109.25,2023-12-12,12.25,109.25,87.12866342865425,65.72764923945869,9.400079239447546,56.327570000011136,592.9168439576798,65.5425219941349,LOW
12.25_109.75,2023-12-12,12.25,109.75,221.37636156029387,165.7859318092514,9.400079239447546,156.38585256980386,1646.1531386015904,73.31378299120234,MEDIUM
12.25_110.25,2023-12-12,12.25,110.25,4.166884825781817,3.6276992190497324,9.400079239447546,-5.772380020397813,-60.76138814115294,35.70381231671554,LOW
12.25_110.75,2023-12-12,12.25,110.75,5.606239932061507,3.6276992190497324,9.400079239447546,-5.772380020397813,-60.76138814115294,35.70381231671554,LOW
12.25_111.25,2023-12-12,12.25,111.25,3.0570975280950377,3.2961790057318567,9.400079239447546,-6.10390023371569,-64.25104548991791,33.137829912023456,LOW
12.25_111.75,2023-12-12,12.25,111.75,6.82415713235069,4.527961494729635,0.007620528111304789,4.52034096661833,4200.259045321949,81.37829912023462,MEDIUM
12.25_112.25,2023-12-12,12.25,112.25,0.9858092684372317,0.5774914972786258,0.029315536897455394,0.5481759603811704,423.90572202925847,61.14369501466276,LOW
12.25_112.75,2023-12-12,12.25,112.75,0.4464368459388583,0.5774914972786258,0.08039059162633816,0.49710090565228765,275.56919746789487,57.62463343108505,LOW
12.25_113.25,2023-12-12,12.25,113.25,0.32895759469560665,0.5774914972786258,9.400079239447546,-8.82258774216892,-92.86857003817978,14.222873900293257,LOW
12.25_114.25,2023-12-12,12.25,114.25,0.42044173391367556,0.5774914972786258,9.400079239447546,-8.82258774216892,-92.86857003817978,14.222873900293257,LOW
12.25_114.75,2023-12-12,12.25,114.75,0.08175122755605785,0.5774914972786258,9.400079239447546,-8.82258774216892,-92.86857003817978,14.222873900293257,LOW
12.75_100.25,2023-12-12,12.75,100.25,286.84026537529365,211.04064046575598,5.919583399198254,205.12105706655774,3407.562342169356,80.49853372434018,MEDIUM
12.75_100.75,2023-12-12,12.75,100.75,799.7516688205507,598.5039283993738,32.31192810699974,566.192000292374,1746.8630635710258,74.04692082111437,MEDIUM
12.75_101.25,2023-12-12,12.75,101.25,211.61251641236026,164.41984125302747,78.98041504258,85.43942621044746,108.04119599580191,51.46627565982405,LOW
12.75_101.75,2023-12-12,12.75,101.75,13.793754388453273,9.529083992233861,1.428620974779092,8.10046301745477,529.9196564161632,64.22287390029325,LOW
12.75_109.25,2023-12-12,12.75,109.25,42.40818777446331,30.015481911151888,9.400079239447546,20.61540267170434,217.00242863346034,57.33137829912024,LOW
12.75_109.75,2023-12-12,12.75,109.75,311.2050384203525,242.67472268770248,0.26787867572523405,242.40684401197726,65893.14902096397,98.82697947214076,HIGH
12.75_110.25,2023-12-12,12.75,110.25,0.4087735724630695,0.5774914972786258,9.400079239447546,-8.82258774216892,-92.86857003817978,14.222873900293257,LOW
12.75_110.75,2023-12-12,12.75,110.75,0.013455216435569984,0.5774914972786258,9.400079239447546,-8.82258774216892,-92.86857003817978,14.222873900293257,LOW
12.75_111.25,2023-12-12,12.75,111.25,0.4375887444279392,0.5774914972786258,9.400079239447546,-8.82258774216892,-92.86857003817978,14.222873900293257,LOW
12.75_111.75,2023-12-12,12.75,111.75,1.2095616285668025,0.5774914972786258,9.400079239447546,-8.82258774216892,-92.86857003817978,14.222873900293257,LOW
12.75_112.25,2023-12-12,12.75,112.25,0.8468374119967673,0.5774914972786258,9.400079239447546,-8.82258774216892,-92.86857003817978,14.222873900293257,LOW
12.75_112.75,2023-12-12,12.75,112.75,0.5183767057603946,0.5774914972786258,9.400079239447546,-8.82258774216892,-92.86857003817978,14.222873900293257,LOW
12.75_113.25,2023-12-12,12.75,113.25,0.6243011209911111,0.5774914972786258,9.400079239447546,-8.82258774216892,-92.86857003817978,14.222873900293257,LOW
12.75_113.75,2023-12-12,12.75,113.75,0.03043223879272745,0.5774914972786258,9.400079239447546,-8.82258774216892,-92.86857003817978,14.222873900293257,LOW
12.75_120.25,2023-12-12,12.75,120.25,0.13052911130418343,0.5774914972786258,9.400079239447546,-8.82258774216892,-92.86857003817978,14.222873900293257,LOW
13.25_100.25,2023-12-12,13.25,100.25,163.2356478028606,122.32794767523019,3.709548903267865,118.61839877196233,3113.712457404351,79.17888563049853,MEDIUM
13.25_100.75,2023-12-12,13.25,100.75,1351.226010242417,1091.420055312179,188.24180654182908,903.17824877035,479.54209708069357,63.78299120234604,LOW
13.25_109.25,2023-12-12,13.25,109.25,141.26908511294056,107.95260297657232,9.400079239447546,98.55252373712477,1037.3863338728936,69.64809384164224,LOW
13.25_109.75,2023-12-12,13.25,109.75,166.73379485991543,130.57921353565797,9.400079239447546,121.17913429621042,1275.5591952647471,70.67448680351906,MEDIUM
13.25_110.25,2023-12-12,13.25,110.25,2.3511715809980247,1.1147776746093119,9.400079239447546,-8.285301564838234,-87.21297323957948,29.472140762463344,LOW
13.25_110.75,2023-12-12,13.25,110.75,0.14751049233203592,0.5774914972786258,9.400079239447546,-8.82258774216892,-92.86857003817978,14.222873900293257,LOW
13.25_111.25,2023-12-12,13.25,111.25,0.9452431202785502,0.5774914972786258,9.400079239447546,-8.82258774216892,-92.86857003817978,14.222873900293257,LOW
13.25_111.75,2023-12-12,13.25,111.75,3.5183887237625715,3.471179392068367,9.400079239447546,-5.92889984737918,-62.4089515249555,34.384164222873906,LOW
13.25_112.25,2023-12-12,13.25,112.25,0.5207085945822377,0.5774914972786258,9.400079239447546,-8.82258774216892,-92.86857003817978,14.222873900293257,LOW
13.25_112.75,2023-12-12,13.25,112.75,0.5834996046148976,0.5774914972786258,9.400079239447546,-8.82258774216892,-92.86857003817978,14.222873900293257,LOW
13.25_113.25,2023-12-12,13.25,113.25,0.03334383081701016,0.5774914972786258,0.03340017846671603,0.5440913188119098,407.86401117721374,60.85043988269795,LOW
13.25_113.75,2023-12-12,13.25,113.75,0.3097271395891166,0.5774914972786258,9.400079239447546,-8.82258774216892,-92.86857003817978,14.222873900293257,LOW
13.25_114.25,2023-12-12,13.25,114.25,0.15080128870678663,0.5774914972786258,9.400079239447546,-8.82258774216892,-92.86857003817978,14.222873900293257,LOW
13.25_114.75,2023-12-12,13.25,114.75,0.45783476980637217,0.5774914972786258,9.400079239447546,-8.82258774216892,-92.86857003817978,14.222873900293257,LOW
13.25_120.75,2023-12-12,13.25,120.75,0.028745433233749288,0.5774914972786258,9.400079239447546,-8.82258774216892,-92.86857003817978,14.222873900293257,LOW
13.75_100.25,2023-12-12,13.75,100.25,3.302268396020006,3.424731422737932,1.2733967458596143,2.151334676878318,156.64335039120758,55.13196480938416,LOW
13.75_100.75,2023-12-12,13.75,100.75,3.4103111252085085,3.471179392068367,0.5319518944105281,2.9392274976578388,465.1030440219647,62.903225806451616,LOW
13.75_101.25,2023-12-12,13.75,101.25,0.13593822163672065,0.5774914972786258,9.400079239447546,-8.82258774216892,-92.86857003817978,14.222873900293257,LOW
13.75_109.25,2023-12-12,13.75,109.25,317.3095179995633,244.9534217233917,9.400079239447546,235.55334248394416,2479.4881868547677,76.61290322580645,MEDIUM
13.75_109.75,2023-12-12,13.75,109.75,183.64677962722143,136.10682035923318,9.400079239447546,126.70674111978563,1333.7440449302396,71.11436950146629,MEDIUM
13.75_110.25,2023-12-12,13.75,110.25,0.8911738103066533,0.5774914972786258,9.400079239447546,-8.82258774216892,-92.86857003817978,14.222873900293257,LOW
13.75_110.75,2023-12-12,13.75,110.75,0.023606560484304186,0.5774914972786258,9.400079239447546,-8.82258774216892,-92.86857003817978,14.222873900293257,LOW
13.75_111.25,2023-12-12,13.75,111.25,0.48480622406724266,0.5774914972786258,9.400079239447546,-8.82258774216892,-92.86857003817978,14.222873900293257,LOW
13.75_111.75,2023-12-12,13.75,111.75,2.212631232956369,0.868798838758047,9.400079239447546,-8.5312804006895,-89.80220254652967,28.739002932551323,LOW
13.75_112.25,2023-12-12,13.75,112.25,0.0678252746854242,0.5774914972786258,9.400079239447546,-8.82258774216892,-92.86857003817978,14.222873900293257,LOW
13.75_113.75,2023-12-12,13.75,113.75,0.37910410104197295,0.5774914972786258,0.15598485251286795,0.42150664476575783,164.66077606860327,53.2258064516129,LOW
13.75_114.25,2023-12-12,13.75,114.25,0.2642662042399119,0.5774914972786258,9.400079239447546,-8.82258774216892,-92.86857003817978,14.222873900293257,LOW
13.75_115.25,2023-12-12,13.75,115.25,0.003922803625530607,0.5774914972786258,9.400079239447546,-8.82258774216892,-92.86857003817978,14.222873900293257,LOW
14.25_109.25,2023-12-12,14.25,109.25,261.6246013544917,201.34166972999842,0.03926109946326806,201.30240863053515,144550.3513948856,99.56011730205279,HIGH
14.25_109.75,2023-12-12,14.25,109.75,109.85214851280315,83.66626697581542,9.400079239447546,74.26618773636787,781.7428240807667,67.74193548387096,LOW
14.25_110.25,2023-12-12,14.25,110.25,3.001162707065666,3.2961790057318567,9.400079239447546,-6.10390023371569,-64.25104548991791,33.137829912023456,LOW
14.25_110.75,2023-12-12,14.25,110.75,0.1296530184944816,0.5774914972786258,9.400079239447546,-8.82258774216892,-92.86857003817978,14.222873900293257,LOW
14.25_111.25,2023-12-12,14.25,111.25,0.016632687372249776,0.5774914972786258,9.400079239447546,-8.82258774216892,-92.86857003817978,14.222873900293257,LOW
14.25_111.75,2023-12-12,14.25,111.75,1.89685861711324,0.5774914972786258,9.400079239447546,-8.82258774216892,-92.86857003817978,14.222873900293257,LOW
14.25_112.25,2023-12-12,14.25,112.25,0.026130230816728883,0.5774914972786258,9.400079239447546,-8.82258774216892,-92.86857003817978,14.222873900293257,LOW
14.25_112.75,2023-12-12,14.25,112.75,0.2897382757816907,0.5774914972786258,9.400079239447546,-8.82258774216892,-92.86857003817978,14.222873900293257,LOW
14.25_113.25,2023-12-12,14.25,113.25,0.1751357471971615,0.5774914972786258,9.400079239447546,-8.82258774216892,-92.86857003817978,14.222873900293257,LOW
14.25_113.75,2023-12-12,14.25,113.75,0.3112657503444637,0.5774914972786258,0.03886655698943369,0.5386249402891922,387.8723228733725,59.82404692082112,LOW
14.25_114.75,2023-12-12,14.25,114.75,0.002615202417020404,0.5774914972786258,9.400079239447546,-8.82258774216892,-92.86857003817978,14.222873900293257,LOW
14.75_109.25,2023-12-12,14.75,109.25,272.4253219567255,207.9290485996778,10.734054520292348,197.19499407938545,1820.140315059669,74.633431085044,MEDIUM
14.75_109.75,2023-12-12,14.75,109.75,85.74955822739201,64.51603629701229,9.400079239447546,55.11595705756474,580.1631298895342,65.39589442815249,LOW
14.75_110.25,2023-12-12,14.75,110.25,36.28725421337871,27.086879766475768,9.400079239447546,17.686800527028222,186.17529476582297,56.158357771260995,LOW
14.75_110.75,2023-12-12,14.75,110.75,0.21912345185144466,0.5774914972786258,9.400079239447546,-8.82258774216892,-92.86857003817978,14.222873900293257,LOW
14.75_112.25,2023-12-12,14.75,112.25,0.47268476086435307,0.5774914972786258,9.400079239447546,-8.82258774216892,-92.86857003817978,14.222873900293257,LOW
14.75_112.75,2023-12-12,14.75,112.75,1.3223422328008076,0.5774914972786258,9.400079239447546,-8.82258774216892,-92.86857003817978,14.222873900293257,LOW
14.75_113.75,2023-12-12,14.75,113.75,0.007832531238976112,0.5774914972786258,9.400079239447546,-8.82258774216892,-92.86857003817978,14.222873900293257,LOW
14.75_114.75,2023-12-12,14.75,114.75,0.2556709056293049,0.5774914972786258,9.400079239447546,-8.82258774216892,-92.86857003817978,14.222873900293257,LOW
14.75_120.75,2023-12-12,14.75,120.75,0.9833858475307928,0.5774914972786258,1.3154713841588008,-0.737979886880175,-52.13668712340294,37.24340175953079,LOW
15.25_108.75,2023-12-12,15.25,108.75,107.49760767935788,81.535232099162,54.60524519147569,26.929986907686313,49.22743114198236,48.38709677419355,LOW
15.25_109.25,2023-12-12,15.25,109.25,528.2271359016851,422.6584062046788,117.46191615292656,305.1964900517522,259.60489590416967,58.65102639296188,LOW
15.25_109.75,2023-12-12,15.25,109.75,97.02788888837561,72.29664986040635,0.07104983571654266,72.22560002468981,42224.88710505361,97.80058651026393,HIGH
15.25_110.25,2023-12-12,15.25,110.25,32.3733161240418,23.27076459805176,9.400079239447546,13.870685358604213,146.00599646588662,54.39882697947213,LOW
15.25_110.75,2023-12-12,15.25,110.75,11.058963123573223,9.063976253142112,9.400079239447546,-0.3361029863054341,-3.537896662059625,43.54838709677419,LOW
15.25_111.25,2023-12-12,15.25,111.25,0.03559290489564771,0.5774914972786258,9.400079239447546,-8.82258774216892,-92.86857003817978,14.222873900293257,LOW
15.25_112.75,2023-12-12,15.25,112.75,0.04407051939748885,0.5774914972786258,9.400079239447546,-8.82258774216892,-92.86857003817978,14.222873900293257,LOW
15.25_115.25,2023-12-12,15.25,115.25,0.13946874489969818,0.5774914972786258,9.400079239447546,-8.82258774216892,-92.86857003817978,14.222873900293257,LOW
15.25_117.75,2023-12-12,15.25,117.75,11.334696990411771,9.116953123127098,9.400079239447546,-0.2831261163204477,-2.980250050387077,43.6950146627566,LOW
15.75_108.25,2023-12-12,15.75,108.25,0.7693969097580983,0.5774914972786258,1.3760274856068828,-0.798535988328257,-54.10034678317194,36.950146627565985,LOW
15.75_108.75,2023-12-12,15.75,108.75,493.6287837678888,378.1790842979234,4.986684879445717,373.1923994184777,7336.652618810222,86.21700879765396,MEDIUM
15.75_109.25,2023-12-12,15.75,109.25,211.1565907403183,164.10666884243363,1.5703115485686383,162.536357293865,9730.900647436065,89.29618768328446,MEDIUM
15.75_109.75,2023-12-12,15.75,109.75,211.59541298855294,164.41984125302747,9.400079239447546,155.01976201357994,1631.7733579514304,72.94721407624634,MEDIUM
15.75_110.25,2023-12-12,15.75,110.25,46.4596811522648,36.55722169062211,0.0810558378870022,36.47616585273511,20146.362734517323,94.13489736070382,HIGH
15.75_110.75,2023-12-12,15.75,110.75,22.325133093317664,16.28322497041655,9.400079239447546,6.883145730969005,72.45356125439305,50.0,LOW
15.75_112.25,2023-12-12,15.75,112.25,0.007483837583373391,0.5774914972786258,9.400079239447546,-8.82258774216892,-92.86857003817978,14.222873900293257,LOW
15.75_112.75,2023-12-12,15.75,112.75,0.30303222140154434,0.5774914972786258,9.400079239447546,-8.82258774216892,-92.86857003817978,14.222873900293257,LOW
15.75_113.25,2023-12-12,15.75,113.25,0.07435020471589011,0.5774914972786258,9.400079239447546,-8.82258774216892,-92.86857003817978,14.222873900293257,LOW
16.25_107.75,2023-12-12,16.25,107.75,0.020925978006858276,0.5774914972786258,9.400079239447546,-8.82258774216892,-92.86857003817978,14.222873900293257,LOW
16.25_108.25,2023-12-12,16.25,108.25,469.70732676055115,358.7624644868773,30.259468258222473,328.50299622865487,1082.0446308037165,70.08797653958945,MEDIUM
16.25_108.75,2023-12-12,16.25,108.75,221.0484021011874,165.7859318092514,2.711355624082666,163.07457618516872,5800.5673415429,84.1642228739003,MEDIUM
16.25_109.25,2023-12-12,16.25,109.25,181.09904943256018,134.4548194891866,0.1310616115653584,134.32375787762123,58133.3078080892,98.68035190615836,HIGH
16.25_109.75,2023-12-12,16.25,109.75,12.888436691741235,9.335312877324752,9.400079239447546,-0.06476636212279452,-0.6817454938045427,44.13489736070381,LOW
16.25_110.25,2023-12-12,16.25,110.25,4.595268057701844,3.6276992190497324,5.4488867587436465,-1.8211875396939141,-32.82077322670501,40.029325513196476,LOW
16.25_110.75,2023-12-12,16.25,110.75,7.446897849232978,4.575974414767974,0.12844562937795367,4.447528785390021,1946.8653427515444,74.7800586510264,MEDIUM
16.25_111.25,2023-12-12,16.25,111.25,0.7444435200290286,0.5774914972786258,9.400079239447546,-8.82258774216892,-92.86857003817978,14.222873900293257,LOW
16.25_113.25,2023-12-12,16.25,113.25,0.17421170900981425,0.5774914972786258,9.400079239447546,-8.82258774216892,-92.86857003817978,14.222873900293257,LOW
16.25_115.75,2023-12-12,16.25,115.75,0.5597230559734871,0.5774914972786258,9.400079239447546,-8.82258774216892,-92.86857003817978,14.222873900293257,LOW
16.25_116.25,2023-12-12,16.25,116.25,0.5032608357900167,0.5774914972786258,9.400079239447546,-8.82258774216892,-92.86857003817978,14.222873900293257,LOW
16.75_107.25,2023-12-12,16.75,107.25,2.2394196230480476,0.8979445043810281,9.400079239447546,-8.502134735066518,-89.49540862525416,29.03225806451613,LOW
16.75_107.75,2023-12-12,16.75,107.75,58.56030119189073,44.865713673072996,0.2291929066389878,44.63652076643401,13559.381100330036,91.64222873900293,HIGH
16.75_108.25,2023-12-12,16.75,108.25,126.2015397245585,95.09557373875985,9.400079239447546,85.6954944993123,902.0503128381876,68.91495601173021,LOW
16.75_108.75,2023-12-12,16.75,108.75,76.10039406411545,58.23424772372151,0.31619204413563634,57.918055679585876,13916.185207209408,92.08211143695014,HIGH
16.75_109.25,2023-12-12,16.75,109.25,110.70073375174863,83.83918070551465,0.441022203865633,83.39815850164902,15414.923436739682,92.81524926686217,HIGH
16.75_109.75,2023-12-12,16.75,109.75,8.32000061083802,5.879034741972641,9.400079239447546,-3.5210444974749047,-37.06331714428587,39.882697947214076,LOW
16.75_110.25,2023-12-12,16.75,110.25,0.06818268568241699,0.5774914972786258,0.5739686525730214,0.0035228447056043777,0.5227015666314976,42.22873900293255,LOW
16.75_110.75,2023-12-12,16.75,110.75,0.03265951951788982,0.5774914972786258,9.400079239447546,-8.82258774216892,-92.86857003817978,14.222873900293257,LOW
16.75_113.25,2023-12-12,16.75,113.25,0.022233579215368473,0.5774914972786258,9.400079239447546,-8.82258774216892,-92.86857003817978,14.222873900293257,LOW
16.75_113.75,2023-12-12,16.75,113.75,0.023767831300020446,0.5774914972786258,9.400079239447546,-8.82258774216892,-92.86857003817978,14.222873900293257,LOW
16.75_115.75,2023-12-12,16.75,115.75,0.47221402442928945,0.5774914972786258,9.400079239447546,-8.82258774216892,-92.86857003817978,14.222873900293257,LOW
17.25_106.75,2023-12-12,17.25,106.75,0.6667763669142174,0.5774914972786258,9.400079239447546,-8.82258774216892,-92.86857003817978,14.222873900293257,LOW
17.25_107.25,2023-12-12,17.25,107.25,24.566793073102957,20.079193528775118,9.400079239447546,10.679114289327572,112.41079174354961,52.05278592375366,LOW
17.25_107.75,2023-12-12,17.25,107.75,53.15238949379465,39.93234589671219,0.009670298542498821,39.9226755981697,36402.45000582276,97.0674486803519,HIGH
17.25_108.25,2023-12-12,17.25,108.25,34.677252790717745,25.695102903697006,0.16450889359345222,25.530594010103552,9652.073948539457,89.14956011730204,MEDIUM
17.25_108.75,2023-12-12,17.25,108.75,55.54307678331386,40.485069161615016,0.8245485932113142,39.660520568403705,4289.717258737845,81.81818181818183,MEDIUM
17.25_109.25,2023-12-12,17.25,109.25,84.66133327363357,62.763844019376315,0.4073552218821211,62.356488797494194,12290.499064180736,91.20234604105572,HIGH
17.25_109.75,2023-12-12,17.25,109.75,11.384072012045113,9.171223783128273,0.05706213325442934,9.114161649873843,5802.901985999106,84.01759530791789,MEDIUM
17.25_110.25,2023-12-12,17.25,110.25,0.7284341225661685,0.5774914972786258,0.6487647145418628,-0.07127321726323699,-9.51877350508511,40.909090909090914,LOW
17.25_111.25,2023-12-12,17.25,111.25,0.05695474997200938,0.5774914972786258,9.400079239447546,-8.82258774216892,-92.86857003817978,14.222873900293257,LOW
17.25_112.25,2023-12-12,17.25,112.25,0.648657372834961,0.5774914972786258,9.400079239447546,-8.82258774216892,-92.86857003817978,14.222873900293257,LOW
17.25_112.75,2023-12-12,17.25,112.75,0.05027290779652225,0.5774914972786258,9.400079239447546,-8.82258774216892,-92.86857003817978,14.222873900293257,LOW
17.25_113.75,2023-12-12,17.25,113.75,0.19556047807409083,0.5774914972786258,9.400079239447546,-8.82258774216892,-92.86857003817978,14.222873900293257,LOW
17.25_114.25,2023-12-12,17.25,114.25,0.011925323021613046,0.5774914972786258,9.400079239447546,-8.82258774216892,-92.86857003817978,14.222873900293257,LOW
17.25_115.75,2023-12-12,17.25,115.75,0.003129525559034417,0.5774914972786258,0.1751171773423798,0.402374319936246,146.25561508851055,51.61290322580645,LOW
17.25_116.75,2023-12-12,17.25,116.75,0.5502908925894334,0.5774914972786258,9.400079239447546,-8.82258774216892,-92.86857003817978,14.222873900293257,LOW
17.75_106.25,2023-12-12,17.75,106.25,0.02759038549956527,0.5774914972786258,9.400079239447546,-8.82258774216892,-92.86857003817978,14.222873900293257,LOW
17.75_106.75,2023-12-12,17.75,106.75,93.09010015299546,70.69055929993075,0.04531582782920603,70.64524347210155,48614.96818855341,98.38709677419355,HIGH
17.75_107.25,2023-12-12,17.75,107.25,70.18508951041046,51.55044228305273,0.06870692406071911,51.48173535899201,30515.484557387386,96.48093841642229,HIGH
17.75_107.75,2023-12-12,17.75,107.75,43.89129521717975,31.18944137520341,0.40524781184107317,30.784193563362336,6092.890031762389,84.75073313782991,MEDIUM
17.75_108.25,2023-12-12,17.75,108.25,193.80303589782895,150.2059274125104,0.2639158621654451,149.94201155034494,41202.38416048422,97.65395894428153,HIGH
17.75_108.75,2023-12-12,17.75,108.75,230.4841439538816,178.0671527938387,3.487263080480075,174.57988971335863,4866.659784818319,82.40469208211144,MEDIUM
17.75_109.25,2023-12-12,17.75,109.25,139.43303866936446,104.90048778732061,1.186231966935374,103.71425582038523,8063.417679432957,87.2434017595308,MEDIUM
17.75_109.75,2023-12-12,17.75,109.75,43.28931484881791,30.951430441513544,0.6278355798465387,30.323594861667004,4166.269924322828,81.67155425219941,MEDIUM
17.75_110.25,2023-12-12,17.75,110.25,9.941195099843835,7.894499149623826,0.7107497002915808,7.183749449332245,886.0625476332161,68.47507331378299,LOW
17.75_110.75,2023-12-12,17.75,110.75,0.855772686921587,0.5774914972786258,1.5072921465278,-0.9298006492491742,-57.84888896880404,33.724340175953074,LOW
17.75_111.25,2023-12-12,17.75,111.25,0.5946534429234898,0.5774914972786258,9.400079239447546,-8.82258774216892,-92.86857003817978,14.222873900293257,LOW
17.75_111.75,2023-12-12,17.75,111.75,0.939842727287403,0.5774914972786258,9.400079239447546,-8.82258774216892,-92.86857003817978,14.222873900293257,LOW
17.75_112.25,2023-12-12,17.75,112.25,4.804353490942626,3.6276992190497324,9.400079239447546,-5.772380020397813,-60.76138814115294,35.70381231671554,LOW
17.75_112.75,2023-12-12,17.75,112.75,0.030484542841067847,0.5774914972786258,9.400079239447546,-8.82258774216892,-92.86857003817978,14.222873900293257,LOW
17.75_113.25,2023-12-12,17.75,113.25,0.06698405124128264,0.5774914972786258,9.400079239447546,-8.82258774216892,-92.86857003817978,14.222873900293257,LOW
17.75_113.75,2023-12-12,17.75,113.75,0.043900531240382526,0.5774914972786258,9.400079239447546,-8.82258774216892,-92.86857003817978,14.222873900293257,LOW
17.75_115.25,2023-12-12,17.75,115.25,0.15815436616930897,0.5774914972786258,9.400079239447546,-8.82258774216892,-92.86857003817978,14.222873900293257,LOW
17.75_115.75,2023-12-12,17.75,115.75,0.06628666393007719,0.5774914972786258,9.400079239447546,-8.82258774216892,-92.86857003817978,14.222873900293257,LOW
17.75_116.25,2023-12-12,17.75,116.25,0.1766917926352886,0.5774914972786258,9.400079239447546,-8.82258774216892,-92.86857003817978,14.222873900293257,LOW
17.75_116.75,2023-12-12,17.75,116.75,0.41967460787134947,0.5774914972786258,9.400079239447546,-8.82258774216892,-92.86857003817978,14.222873900293257,LOW
17.75_117.25,2023-12-12,17.75,117.25,0.042418583204070964,0.5774914972786258,9.400079239447546,-8.82258774216892,-92.86857003817978,14.222873900293257,LOW
18.25_106.25,2023-12-12,18.25,106.25,65.31634101861941,48.42340537396988,0.2172537615620929,48.20615161240779,15194.82428673202,92.66862170087975,HIGH
18.25_106.75,2023-12-12,18.25,106.75,316.9367906337482,244.9534217233917,1.4179781707250498,243.53544355266666,16043.408808464217,93.54838709677419,HIGH
18.25_107.25,2023-12-12,18.25,107.25,69.23257176874192,51.55044228305273,0.21005021642113222,51.3403920666316,16558.734471869368,93.69501466275659,HIGH
18.25_107.75,2023-12-12,18.25,107.75,135.7171672937513,102.06458937214626,0.9636895697796268,101.10089980236663,9504.737347693697,88.56304985337243,MEDIUM
18.25_108.25,2023-12-12,18.25,108.25,340.7256568785429,255.68021073904364,3.680341771525821,251.9998689675178,6666.060483356922,85.33724340175954,MEDIUM
18.25_108.75,2023-12-12,18.25,108.75,142.3878948589661,108.1529864809493,4.881414749468862,103.27157173148044,2073.1373901860243,75.51319648093842,MEDIUM
18.25_109.25,2023-12-12,18.25,109.25,80.5731311712385,60.322565355037014,264.99335464470556,-204.67078928966856,-77.20706147612827,31.378299120234605,LOW
18.25_109.75,2023-12-12,18.25,109.75,50.700571847777596,39.674025046219015,47.44188963087759,-7.767864584658575,-16.338989983295676,41.935483870967744,LOW
18.25_110.25,2023-12-12,18.25,110.25,16.674757261798245,14.255145807322148,82.29248216324373,-68.03733635592158,-82.57711695239333,30.498533724340177,LOW
18.25_110.75,2023-12-12,18.25,110.75,16.885568728634258,14.255145807322148,11.376497009755152,2.8786487975669957,25.0829917449559,47.06744868035191,LOW
18.25_111.25,2023-12-12,18.25,111.25,18.41279027745514,14.79225248728344,5.366184096082853,9.426068391200587,172.44330277780884,56.01173020527859,LOW
18.25_111.75,2023-12-12,18.25,111.75,0.41205565149643,0.5774914972786258,9.400079239447546,-8.82258774216892,-92.86857003817978,14.222873900293257,LOW
18.25_112.25,2023-12-12,18.25,112.25,0.8958942506693751,0.5774914972786258,9.400079239447546,-8.82258774216892,-92.86857003817978,14.222873900293257,LOW
18.25_112.75,2023-12-12,18.25,112.75,0.5393331944621181,0.5774914972786258,9.400079239447546,-8.82258774216892,-92.86857003817978,14.222873900293257,LOW
18.25_113.75,2023-12-12,18.25,113.75,0.01987989704005011,0.5774914972786258,9.400079239447546,-8.82258774216892,-92.86857003817978,14.222873900293257,LOW
18.25_114.25,2023-12-12,18.25,114.25,0.29721339602367397,0.5774914972786258,9.400079239447546,-8.82258774216892,-92.86857003817978,14.222873900293257,LOW
18.25_114.75,2023-12-12,18.25,114.75,0.8924857701858584,0.5774914972786258,9.400079239447546,-8.82258774216892,-92.86857003817978,14.222873900293257,LOW
18.25_115.25,2023-12-12,18.25,115.25,0.34387296581401305,0.5774914972786258,9.400079239447546,-8.82258774216892,-92.86857003817978,14.222873900293257,LOW
18.25_115.75,2023-12-12,18.25,115.75,0.5199937725882522,0.5774914972786258,9.400079239447546,-8.82258774216892,-92.86857003817978,14.222873900293257,LOW
18.25_116.25,2023-12-12,18.25,116.25,0.23699836037177913,0.5774914972786258,9.400079239447546,-8.82258774216892,-92.86857003817978,14.222873900293257,LOW
18.25_117.25,2023-12-12,18.25,117.25,0.5789622284213672,0.5774914972786258,9.400079239447546,-8.82258774216892,-92.86857003817978,14.222873900293257,LOW
18.25_117.75,2023-12-12,18.25,117.75,0.30903411094860617,0.5774914972786258,9.400079239447546,-8.82258774216892,-92.86857003817978,14.222873900293257,LOW
18.25_118.25,2023-12-12,18.25,118.25,0.02825290344521044,0.5774914972786258,9.400079239447546,-8.82258774216892,-92.86857003817978,14.222873900293257,LOW
18.75_105.75,2023-12-12,18.75,105.75,78.25573057078562,58.717786406859204,0.16959422493256499,58.54819218192664,21717.15369517711,94.57478005865103,HIGH
18.75_106.25,2023-12-12,18.75,106.25,268.6884505057037,203.7514520057357,4.73891327738531,199.0125387283504,4112.752746746603,81.52492668621701,MEDIUM
18.75_106.75,2023-12-12,18.75,106.75,114.90780988000935,87.82710337241664,1.637882403085478,86.18922096933116,4959.439189689058,82.55131964809385,MEDIUM
18.75_107.25,2023-12-12,18.75,107.25,71.81210282479417,53.654993094490884,0.38660315915831556,53.26838993533257,10946.988101653855,90.02932551319648,HIGH
18.75_107.75,2023-12-12,18.75,107.75,112.82580364911246,87.1177008818579,0.6821540476307771,86.43554683422713,11050.962031846419,90.17595307917888,HIGH
18.75_108.25,2023-12-12,18.75,108.25,327.40931640865807,245.2998597562752,6.799926092946446,238.49993366332876,3456.557801497888,80.79178885630498,MEDIUM
18.75_108.75,2023-12-12,18.75,108.75,0.8665603968917961,0.5774914972786258,5.766832446453607,-5.189340949174982,-88.45217579567733,29.32551319648094,LOW
18.75_110.25,2023-12-12,18.75,110.25,0.8631519164082796,0.5774914972786258,18.03396154599597,-17.456470048717346,-96.26396308627764,0.2932551319648094,LOW
18.75_110.75,2023-12-12,18.75,110.75,0.7258014854663679,0.5774914972786258,0.729197935479776,-0.15170643820115015,-18.295563906990726,40.32258064516129,LOW
18.75_111.25,2023-12-12,18.75,111.25,48.25059356079385,38.4528066180236,0.6449951605493293,37.80781145747427,5074.906987261008,82.84457478005865,MEDIUM
18.75_111.75,2023-12-12,18.75,111.75,46.836431571131456,36.55722169062211,2.5492071112569845,34.008014579365124,1283.7053937707856,70.82111436950147,MEDIUM
18.75_112.25,2023-12-12,18.75,112.25,8.87931831043687,7.34468653776009,7.343739058353116,0.0009474794069737058,0.01272854138956518,44.28152492668622,LOW
18.75_112.75,2023-12-12,18.75,112.75,9.283131715648988,7.759221127682378,0.01283454629920561,7.746386581383172,6865.261425203877,85.48387096774194,MEDIUM
18.75_113.25,2023-12-12,18.75,113.25,0.9609038240858074,0.5774914972786258,9.400079239447546,-8.82258774216892,-92.86857003817978,14.222873900293257,LOW
18.75_113.75,2023-12-12,18.75,113.75,0.19949635771170654,0.5774914972786258,9.400079239447546,-8.82258774216892,-92.86857003817978,14.222873900293257,LOW
18.75_114.25,2023-12-12,18.75,114.25,0.00804610610303278,0.5774914972786258,9.400079239447546,-8.82258774216892,-92.86857003817978,14.222873900293257,LOW
18.75_114.75,2023-12-12,18.75,114.75,0.1830075064723929,0.5774914972786258,9.400079239447546,-8.82258774216892,-92.86857003817978,14.222873900293257,LOW
18.75_115.25,2023-12-12,18.75,115.25,0.02118313957786528,0.5774914972786258,9.400079239447546,-8.82258774216892,-92.86857003817978,14.222873900293257,LOW
18.75_116.25,2023-12-12,18.75,116.25,0.2608882344512606,0.5774914972786258,9.400079239447546,-8.82258774216892,-92.86857003817978,14.222873900293257,LOW
18.75_116.75,2023-12-12,18.75,116.75,0.02667942332430316,0.5774914972786258,9.400079239447546,-8.82258774216892,-92.86857003817978,14.222873900293257,LOW
18.75_117.25,2023-12-12,18.75,117.25,0.17109090079216993,0.5774914972786258,9.400079239447546,-8.82258774216892,-92.86857003817978,14.222873900293257,LOW
18.75_118.75,2023-12-12,18.75,118.75,0.36564888460640294,0.5774914972786258,9.400079239447546,-8.82258774216892,-92.86857003817978,14.222873900293257,LOW
19.25_105.75,2023-12-12,19.25,105.75,414.57283176818976,310.07225542586656,184.9785490079334,125.09370641793316,67.5895219021687,49.56011730205279,LOW
19.25_106.25,2023-12-12,19.25,106.25,799.0468412584688,598.5039283993738,119.15241147922718,479.3515169201466,401.9637934144802,62.316715542522,LOW
19.25_106.75,2023-12-12,19.25,106.75,171.99357277577008,131.1149877720533,6.004603522910305,125.110384249143,2049.4432403285373,75.366568914956,MEDIUM
19.25_107.25,2023-12-12,19.25,107.25,91.55947448236176,70.16960656231048,0.7389188524825685,69.43068770982791,8276.210208456434,87.5366568914956,MEDIUM
19.25_107.75,2023-12-12,19.25,107.75,195.7028802043683,150.2059274125104,1.7578351200914684,148.44809229241892,7990.38034576019,86.95014662756599,MEDIUM
19.25_108.25,2023-12-12,19.25,108.25,267.8121354037964,203.7514520057357,30.086542694213662,173.66490931152202,575.3057283529563,65.10263929618768,LOW
19.25_108.75,2023-12-12,19.25,108.75,15.603208582118997,12.726058768063744,27.102077490091325,-14.376018722027581,-52.84897349205851,38.12316715542522,LOW
19.25_110.75,2023-12-12,19.25,110.75,1.41621928223045,0.5774914972786258,4.359000109335091,-3.7815086120564656,-84.80620137549963,29.91202346041056,LOW
19.25_111.25,2023-12-12,19.25,111.25,13.883712992928082,10.078184985584949,9.781335344008298,0.2968496415766513,3.004144999052691,45.30791788856305,LOW
19.25_111.75,2023-12-12,19.25,111.75,96.34468033294111,72.29664986040635,1.684675221162654,70.6119746392437,3956.5728151502235,81.08504398826979,MEDIUM
19.25_112.25,2023-12-12,19.25,112.25,93.63597135350014,70.69055929993075,0.04299574666605926,70.64756355326469,49405.360089660084,98.53372434017595,HIGH
19.25_112.75,2023-12-12,19.25,112.75,73.60973630353496,56.30787079333877,1.4202732551020594,54.88759753823671,3610.3771051706085,80.93841642228739,MEDIUM
19.25_113.25,2023-12-12,19.25,113.25,25.028925492214636,20.079193528775118,9.400079239447546,10.679114289327572,112.41079174354961,52.05278592375366,LOW
19.25_113.75,2023-12-12,19.25,113.75,21.360877451467374,15.955129122846525,9.400079239447546,6.555049883398979,68.999949560212,49.70674486803519,LOW
19.25_114.25,2023-12-12,19.25,114.25,0.16116620761957748,0.5774914972786258,9.400079239447546,-8.82258774216892,-92.86857003817978,14.222873900293257,LOW
19.25_115.75,2023-12-12,19.25,115.75,0.020808293898092352,0.5774914972786258,9.400079239447546,-8.82258774216892,-92.86857003817978,14.222873900293257,LOW
19.25_116.25,2023-12-12,19.25,116.25,0.03061530296191887,0.5774914972786258,9.400079239447546,-8.82258774216892,-92.86857003817978,14.222873900293257,LOW
19.25_117.25,2023-12-12,19.25,117.25,0.6681885762194084,0.5774914972786258,9.400079239447546,-8.82258774216892,-92.86857003817978,14.222873900293257,LOW
19.25_117.75,2023-12-12,19.25,117.75,0.974193411034966,0.5774914972786258,9.400079239447546,-8.82258774216892,-92.86857003817978,14.222873900293257,LOW
19.25_118.25,2023-12-12,19.25,118.25,0.07662107214800283,0.5774914972786258,9.400079239447546,-8.82258774216892,-92.86857003817978,14.222873900293257,LOW
19.25_118.75,2023-12-12,19.25,118.75,1.3095364582987974,0.5774914972786258,9.400079239447546,-8.82258774216892,-92.86857003817978,14.222873900293257,LOW
19.25_119.25,2023-12-12,19.25,119.25,1.238982655758282,0.5774914972786258,9.400079239447546,-8.82258774216892,-92.86857003817978,14.222873900293257,LOW
19.25_119.75,2023-12-12,19.25,119.75,0.11356516495911109,0.5774914972786258,9.400079239447546,-8.82258774216892,-92.86857003817978,14.222873900293257,LOW
19.75_105.75,2023-12-12,19.75,105.75,105.1319871050058,81.22503831013607,30.75501204950094,50.47002626063513,163.57156555202658,55.42521994134897,LOW
19.75_106.25,2023-12-12,19.75,106.25,440.0711381488819,349.91027503081926,141.6299337939987,208.28034123682056,146.9557881396822,54.83870967741935,LOW
19.75_106.75,2023-12-12,19.75,106.75,262.8268927203392,201.65334964258477,4.303626742666328,197.34972289991845,4481.527032884405,81.96480938416423,MEDIUM
19.75_107.25,2023-12-12,19.75,107.25,289.3927726730367,223.1116180259312,3.7861931682875323,219.32542485764367,5643.708775142805,83.57771260997067,MEDIUM
19.75_107.75,2023-12-12,19.75,107.75,378.5265989682344,286.9421666988161,2.9632479266240486,283.97891877219206,9270.51696677912,88.41642228739003,MEDIUM
19.75_108.25,2023-12-12,19.75,108.25,590.7994147628561,461.5923241271738,9.000587031593483,452.59173709558036,4973.214755535754,82.69794721407625,MEDIUM
19.75_108.75,2023-12-12,19.75,108.75,544.9367886810677,431.85469620148035,14.665636965343456,417.18905923613687,2825.4050957322374,78.2991202346041,MEDIUM
19.75_109.25,2023-12-12,19.75,109.25,590.3439075232008,461.0250481779901,39.89504990546931,421.12999827252077,1052.9553013882635,69.94134897360705,LOW
19.75_109.75,2023-12-12,19.75,109.75,26.790015875848265,21.426264905602444,0.6351177841701461,20.7911471214323,2828.2742669466015,78.00586510263929,MEDIUM
19.75_110.75,2023-12-12,19.75,110.75,0.2144073701594179,0.5774914972786258,0.6765866422275383,-0.09909514494891247,-12.760346310447844,40.469208211143695,LOW
19.75_111.25,2023-12-12,19.75,111.25,29.825986927084468,22.56717748157474,8.996695804049933,13.570481677524805,149.18033943141313,54.98533724340176,LOW
19.75_111.75,2023-12-12,19.75,111.75,122.41822227861036,92.88429743036747,5.688418670956043,87.19587875941143,1506.3851410217662,71.8475073313783,MEDIUM
19.75_112.25,2023-12-12,19.75,112.25,49.21447871563505,39.54385679940542,1.0886917107434166,38.455165088662,3235.0831372931716,80.20527859237536,MEDIUM
19.75_112.75,2023-12-12,19.75,112.75,88.29734508477233,66.57781717287267,0.4644583719669142,66.11335880090576,11712.707629887187,90.4692082111437,HIGH
19.75_113.25,2023-12-12,19.75,113.25,68.954013483293,51.55044228305273,0.08362781755211544,51.46681446550062,28027.787484264914,96.33431085043989,HIGH
19.75_113.75,2023-12-12,19.75,113.75,120.47735416348937,91.46683289527809,0.34192564351788846,91.1249072517602,20619.963694881542,94.28152492668622,HIGH
19.75_114.25,2023-12-12,19.75,114.25,43.258939272744215,30.951430441513544,0.06607274765514297,30.885357693858403,18597.487022972095,93.98826979472142,HIGH
19.75_114.75,2023-12-12,19.75,114.75,0.2893372780777475,0.5774914972786258,9.400079239447546,-8.82258774216892,-92.86857003817978,14.222873900293257,LOW
19.75_115.25,2023-12-12,19.75,115.25,1.3083944865766985,0.5774914972786258,9.400079239447546,-8.82258774216892,-92.86857003817978,14.222873900293257,LOW
19.75_115.75,2023-12-12,19.75,115.75,0.41604819385308117,0.5774914972786258,9.400079239447546,-8.82258774216892,-92.86857003817978,14.222873900293257,LOW
19.75_116.25,2023-12-12,19.75,116.25,0.2527113682273768,0.5774914972786258,9.400079239447546,-8.82258774216892,-92.86857003817978,14.222873900293257,LOW
19.75_116.75,2023-12-12,19.75,116.75,0.390140255241799,0.5774914972786258,9.400079239447546,-8.82258774216892,-92.86857003817978,14.222873900293257,LOW
19.75_117.25,2023-12-12,19.75,117.25,0.3248430095594945,0.5774914972786258,9.400079239447546,-8.82258774216892,-92.86857003817978,14.222873900293257,LOW
19.75_117.75,2023-12-12,19.75,117.75,0.20450011166960558,0.5774914972786258,9.400079239447546,-8.82258774216892,-92.86857003817978,14.222873900293257,LOW
19.75_118.25,2023-12-12,19.75,118.25,0.5594441010490049,0.5774914972786258,9.400079239447546,-8.82258774216892,-92.86857003817978,14.222873900293257,LOW
19.75_118.75,2023-12-12,19.75,118.75,0.00784996592175625,0.5774914972786258,9.400079239447546,-8.82258774216892,-92.86857003817978,14.222873900293257,LOW
19.75_119.25,2023-12-12,19.75,119.25,0.49081683095569456,0.5774914972786258,9.400079239447546,-8.82258774216892,-92.86857003817978,14.222873900293257,LOW
19.75_119.75,2023-12-12,19.75,119.75,1.1768192943057072,0.5774914972786258,9.400079239447546,-8.82258774216892,-92.86857003817978,14.222873900293257,LOW
20.25_106.25,2023-12-12,20.25,106.25,7.990563562365961,5.511139136830135,106.22073281222973,-100.70959367539959,-94.7224412507203,0.43988269794721413,LOW
20.25_106.75,2023-12-12,20.25,106.75,163.2575196124083,122.32794767523019,31.38308525490467,90.94486242032552,288.8689646646287,59.530791788856305,LOW
20.25_107.25,2023-12-12,20.25,107.25,866.4503753261123,666.0665233900332,19.93235154833917,646.1341718416941,3225.453438566793,79.91202346041055,MEDIUM
20.25_107.75,2023-12-12,20.25,107.75,760.1125401799718,560.8817250173396,3.5810183142616774,557.3007067030779,15139.85150641281,92.52199413489735,HIGH
20.25_108.25,2023-12-12,20.25,108.25,695.8875667166819,538.8589707116763,16.60826104987913,522.2507096617971,3125.7035552815664,79.47214076246334,MEDIUM
20.25_108.75,2023-12-12,20.25,108.75,715.5780141349724,538.9983513772867,26.567984615896357,512.4303667613904,1921.5189079415427,74.9266862170088,MEDIUM
20.25_109.25,2023-12-12,20.25,109.25,1335.8239325195207,1084.235758077039,58.3570377238935,1025.8787203531456,1754.927653362483,74.19354838709677,MEDIUM
20.25_109.75,2023-12-12,20.25,109.75,163.49404723634498,122.32794767523019,61.698327854284585,60.62961982094561,98.10883550749999,50.879765395894424,LOW
20.25_110.25,2023-12-12,20.25,110.25,231.1664764165082,179.44108446998615,90.7201271336996,88.72095733628655,97.68865133350585,50.733137829912025,LOW
20.25_110.75,2023-12-12,20.25,110.75,211.50465674734096,164.10666884243363,154.8293538681587,9.27731497427493,5.988093761863688,45.60117302052786,LOW
20.25_111.25,2023-12-12,20.25,111.25,339.92857805120065,255.68021073904364,45.61149389711968,210.06871684192396,459.55338347662394,63.19648093841642,LOW
20.25_111.75,2023-12-12,20.25,111.75,741.9869732253072,547.8083009291125,26.237351204148,521.5709497249645,1980.3470200253842,75.2199413489736,MEDIUM
20.25_112.25,2023-12-12,20.25,112.25,679.7334701040883,529.1609295669484,19.836794460886416,509.324135106062,2554.694216792446,77.56598240469208,MEDIUM
20.25_112.75,2023-12-12,20.25,112.75,615.8492575157361,487.0980474049276,7.826624946805284,479.27142245812234,6046.349179814368,84.60410557184751,MEDIUM
20.25_113.25,2023-12-12,20.25,113.25,397.53890696510865,298.25247847856014,2.971557178202468,295.28092130035765,9613.39490587512,89.00293255131965,MEDIUM
20.25_113.75,2023-12-12,20.25,113.75,334.7512879782495,262.61279817297464,1.113350359162492,261.49944781381214,21551.849870824663,94.42815249266863,HIGH
20.25_114.25,2023-12-12,20.25,114.25,172.61552457325658,131.1149877720533,1.5313612413453164,129.583626530708,7943.282165012435,86.80351906158357,MEDIUM
20.25_114.75,2023-12-12,20.25,114.75,28.72957638976075,22.444591226475758,1.1449176954041715,21.299673531071587,1710.9302574542078,73.90029325513197,MEDIUM
20.25_115.25,2023-12-12,20.25,115.25,1.9078860539716762,0.5774914972786258,9.400079239447546,-8.82258774216892,-92.86857003817978,14.222873900293257,LOW
20.25_115.75,2023-12-12,20.25,115.75,22.034278997838044,16.28322497041655,9.400079239447546,6.883145730969005,72.45356125439305,50.0,LOW
20.25_116.25,2023-12-12,20.25,116.25,0.40171252593711426,0.5774914972786258,9.400079239447546,-8.82258774216892,-92.86857003817978,14.222873900293257,LOW
20.25_117.75,2023-12-12,20.25,117.75,2.666137842762572,1.7299811543518746,9.400079239447546,-7.670098085095671,-80.73720115140543,30.86510263929619,LOW
20.25_118.25,2023-12-12,20.25,118.25,2.45049696879646,1.2100136529926617,9.400079239447546,-8.190065586454885,-86.2104976182405,29.692082111436953,LOW
20.25_118.75,2023-12-12,20.25,118.75,0.8445534685525695,0.5774914972786258,9.400079239447546,-8.82258774216892,-92.86857003817978,14.222873900293257,LOW
20.25_119.25,2023-12-12,20.25,119.25,0.5919815777874339,0.5774914972786258,9.400079239447546,-8.82258774216892,-92.86857003817978,14.222873900293257,LOW
20.25_119.75,2023-12-12,20.25,119.75,0.5267104841292995,0.5774914972786258,9.400079239447546,-8.82258774216892,-92.86857003817978,14.222873900293257,LOW
20.75_106.75,2023-12-12,20.75,106.75,152.1207237062338,115.36919043389335,23.12807511175118,92.24111532214218,397.1104574028048,62.023460410557185,LOW
20.75_107.25,2023-12-12,20.75,107.25,1512.694666021523,1233.32027417278,131.53233455814362,1101.7879396146363,837.0192197176016,68.18181818181817,LOW
20.75_107.75,2023-12-12,20.75,107.75,570.696270968477,444.14751970899505,8.11063665139727,436.0368830575978,5310.634261027662,82.99120234604106,MEDIUM
20.75_108.25,2023-12-12,20.75,108.25,488.0615495798771,377.2256625464399,66.96766458926226,310.2579979571776,462.60444561066606,63.34310850439883,LOW
20.75_108.75,2023-12-12,20.75,108.75,1052.3692384545702,807.798205652327,395.87962558990677,411.9185800624203,104.0251956016092,51.31964809384164,LOW
20.75_109.25,2023-12-12,20.75,109.25,541.3874098086635,429.64370694151955,739.3288849255806,-309.68517798406106,-41.88167169250213,39.589442815249264,LOW
20.75_109.75,2023-12-12,20.75,109.75,85.4392121565642,64.03871476218534,62.78622807343978,1.252486688745556,1.9916708747150127,45.16129032258064,LOW
20.75_110.25,2023-12-12,20.75,110.25,11.756306848071713,9.28061583227653,3.4272748655105816,5.853340966765948,165.94513299769915,55.278592375366564,LOW
20.75_110.75,2023-12-12,20.75,110.75,774.4046126716466,563.1717501302898,167.8493428407308,395.32240728955895,235.38193160091726,58.35777126099707,LOW
20.75_111.25,2023-12-12,20.75,111.25,1067.1883832000424,821.5291632959068,117.07675872092786,704.4524045749789,601.1878227940463,65.6891495601173,LOW
20.75_111.75,2023-12-12,20.75,111.75,1349.874103146292,1085.7687752982806,41.66650442425884,1044.1022708740218,2499.8555308056516,76.83284457478005,MEDIUM
20.75_112.25,2023-12-12,20.75,112.25,1433.4736206519083,1162.2194235841212,66.27077050410617,1095.948653080015,1651.2519664243039,73.46041055718476,MEDIUM
20.75_112.75,2023-12-12,20.75,112.75,1396.0867740715985,1123.7568696031617,83.59123980805524,1040.1656297951065,1242.860820535952,70.52785923753666,MEDIUM
20.75_113.25,2023-12-12,20.75,113.25,1615.9696589115922,1247.9339782370203,35.39614209040142,1212.537836146619,3415.9707639735407,80.64516129032258,MEDIUM
20.75_113.75,2023-12-12,20.75,113.75,1440.5639879556288,1165.307734818783,9.430643543745685,1155.8770912750374,12128.006739204524,91.0557184750733,HIGH
20.75_114.25,2023-12-12,20.75,114.25,1047.5112384447132,808.304321082088,5.77037672447916,802.5339443576088,13670.91043767404,91.93548387096774,HIGH
20.75_114.75,2023-12-12,20.75,114.75,492.86824367698296,378.1790842979234,1.6155040773051852,376.56358022061823,21950.60829072155,94.72140762463343,HIGH
20.75_115.25,2023-12-12,20.75,115.25,163.36811652262406,122.32794767523019,0.36537163134802086,121.96257604388217,26207.565701974294,95.60117302052787,HIGH
20.75_115.75,2023-12-12,20.75,115.75,16.53436883738189,14.179024294656404,0.01810357777396271,14.160920716882442,11990.255489113877,90.6158357771261,HIGH
20.75_116.25,2023-12-12,20.75,116.25,20.316003836441737,15.164154711739837,9.400079239447546,5.764075472292291,60.67397257443809,49.193548387096776,LOW
20.75_116.75,2023-12-12,20.75,116.75,0.0,0.5774914972786258,9.400079239447546,-8.82258774216892,-92.86857003817978,14.222873900293257,LOW
20.75_117.25,2023-12-12,20.75,117.25,0.07941062139282459,0.5774914972786258,9.400079239447546,-8.82258774216892,-92.86857003817978,14.222873900293257,LOW
20.75_117.75,2023-12-12,20.75,117.75,1.4757674412660047,0.5774914972786258,9.400079239447546,-8.82258774216892,-92.86857003817978,14.222873900293257,LOW
20.75_118.25,2023-12-12,20.75,118.25,0.4729419224353601,0.5774914972786258,9.400079239447546,-8.82258774216892,-92.86857003817978,14.222873900293257,LOW
20.75_118.75,2023-12-12,20.75,118.75,0.9165935778000915,0.5774914972786258,9.400079239447546,-8.82258774216892,-92.86857003817978,14.222873900293257,LOW
20.75_119.25,2023-12-12,20.75,119.25,1.1380532771440746,0.5774914972786258,9.400079239447546,-8.82258774216892,-92.86857003817978,14.222873900293257,LOW
20.75_119.75,2023-12-12,20.75,119.75,0.7071812442571827,0.5774914972786258,9.400079239447546,-8.82258774216892,-92.86857003817978,14.222873900293257,LOW
20.75_120.25,2023-12-12,20.75,120.25,0.5584677588133173,0.5774914972786258,9.400079239447546,-8.82258774216892,-92.86857003817978,14.222873900293257,LOW
20.75_120.75,2023-12-12,20.75,120.75,0.003935879637615708,0.5774914972786258,9.400079239447546,-8.82258774216892,-92.86857003817978,14.222873900293257,LOW
21.25_106.25,2023-12-12,21.25,106.25,0.06225489353717074,0.5774914972786258,9.400079239447546,-8.82258774216892,-92.86857003817978,14.222873900293257,LOW
21.25_106.75,2023-12-12,21.25,106.75,0.6984682615378097,0.5774914972786258,0.004976954345802694,0.5725145429328231,545.3716451392876,63.049853372434015,LOW
21.25_107.25,2023-12-12,21.25,107.25,28.073409027318245,22.444591226475758,0.13259632267529217,22.311994903800468,9592.582826405358,88.85630498533725,MEDIUM
21.25_107.75,2023-12-12,21.25,107.75,66.78530021625977,49.48174720089217,5.446510049472499,44.03523715141967,793.9269334887015,67.88856304985337,LOW
21.25_108.25,2023-12-12,21.25,108.25,1794.473159173296,1357.1810199156957,1104.4819718647584,252.69904805093734,22.877346768961846,46.9208211143695,LOW
21.25_108.75,2023-12-12,21.25,108.75,4609.011268944918,3658.137825648691,3912.3318292570802,-254.19400360838927,-6.4970845423435115,42.961876832844574,LOW
21.25_109.25,2023-12-12,21.25,109.25,886.8635862363946,673.8071488988485,3112.1443683197617,-2438.3372194209132,-78.34658628484635,31.2316715542522,LOW
21.25_109.75,2023-12-12,21.25,109.75,336.2282714886394,254.26895954118353,835.9230980149766,-581.6541384737931,-69.57393161203942,32.111436950146626,LOW
21.25_110.25,2023-12-12,21.25,110.25,90.66166677525729,69.46541130169932,5.129640946130956,64.33577035556836,1230.213909870158,70.38123167155426,MEDIUM
21.25_110.75,2023-12-12,21.25,110.75,1099.777815293156,851.1145327410419,398.09812953914144,453.01640320190046,113.76658241117393,52.639296187683286,LOW
21.25_111.25,2023-12-12,21.25,111.25,1733.0977625676398,1339.4043142574387,1694.7881222914173,-355.38380803397854,-20.967980326248004,41.05571847507331,LOW
21.25_111.75,2023-12-12,21.25,111.75,966.1642209329007,781.9547186559478,829.9138108008686,-47.959092144920874,-5.778107727948022,43.401759530791786,LOW
21.25_112.25,2023-12-12,21.25,112.25,1101.301702458895,851.1145327410419,1484.1979733488652,-633.0834406078233,-42.65204507282752,39.44281524926686,LOW
21.25_112.75,2023-12-12,21.25,112.75,1612.5276253810655,1247.9339782370203,560.7733440633526,687.1606341736676,122.5161868445027,52.93255131964809,LOW
21.25_113.25,2023-12-12,21.25,113.25,2676.5087722822514,2046.1184548339745,115.58706473216944,1930.531390101805,1668.753023141555,73.75366568914956,MEDIUM
21.25_113.75,2023-12-12,21.25,113.75,2405.117396753119,1953.521718661907,42.443686148387634,1911.0780325135195,4492.036787428086,82.11143695014663,MEDIUM
21.25_114.25,2023-12-12,21.25,114.25,1508.732935108015,1219.2275262807957,12.984964821858323,1206.2425614589374,9218.538818262006,88.26979472140762,MEDIUM
21.25_114.75,2023-12-12,21.25,114.75,1065.8121983081458,823.0312422791052,5.067620497161595,817.9636217819436,15828.631808996508,93.25513196480938,HIGH
21.25_115.25,2023-12-12,21.25,115.25,502.3269993109469,395.2260955728304,1.4911416900086192,393.73495388282174,24745.436333874757,95.30791788856305,HIGH
21.25_115.75,2023-12-12,21.25,115.75,243.16210479643038,185.75202751986458,0.7266296431620851,185.0253978767025,22383.107042826286,94.86803519061584,HIGH
21.25_116.25,2023-12-12,21.25,116.25,4.842857987862556,3.6276992190497324,0.04203611331009675,3.5856631057396355,2524.4728415732748,76.39296187683284,MEDIUM
21.25_116.75,2023-12-12,21.25,116.75,0.07005255541058657,0.5774914972786258,9.400079239447546,-8.82258774216892,-92.86857003817978,14.222873900293257,LOW
21.25_117.25,2023-12-12,21.25,117.25,0.9637326013668844,0.5774914972786258,9.400079239447546,-8.82258774216892,-92.86857003817978,14.222873900293257,LOW
21.25_117.75,2023-12-12,21.25,117.75,0.6821101704193471,0.5774914972786258,9.400079239447546,-8.82258774216892,-92.86857003817978,14.222873900293257,LOW
21.25_118.25,2023-12-12,21.25,118.25,0.41185951131515347,0.5774914972786258,9.400079239447546,-8.82258774216892,-92.86857003817978,14.222873900293257,LOW
21.25_118.75,2023-12-12,21.25,118.75,1.069055520041686,0.5774914972786258,9.400079239447546,-8.82258774216892,-92.86857003817978,14.222873900293257,LOW
21.25_119.25,2023-12-12,21.25,119.25,1.0986726874144421,0.5774914972786258,9.400079239447546,-8.82258774216892,-92.86857003817978,14.222873900293257,LOW
21.25_119.75,2023-12-12,21.25,119.75,1.1096826895900982,0.5774914972786258,9.400079239447546,-8.82258774216892,-92.86857003817978,14.222873900293257,LOW
21.25_120.25,2023-12-12,21.25,120.25,0.23420881112695738,0.5774914972786258,9.400079239447546,-8.82258774216892,-92.86857003817978,14.222873900293257,LOW
21.25_120.75,2023-12-12,21.25,120.75,0.2315587393443767,0.5774914972786258,9.400079239447546,-8.82258774216892,-92.86857003817978,14.222873900293257,LOW
21.75_108.25,2023-12-12,21.75,108.25,437.4516467998976,343.9021762658681,302.31379575186514,41.58838051400295,13.752143949189014,46.62756598240469,LOW
21.75_108.75,2023-12-12,21.75,108.75,1203.6239378804078,957.6652113126114,852.9783662879945,104.6868450246169,12.271656293447162,46.33431085043988,LOW
21.75_109.25,2023-12-12,21.75,109.25,43.43965847710171,30.951430441513544,50.90626859048386,-19.954838148970317,-39.12232496202095,39.73607038123167,LOW
21.75_109.75,2023-12-12,21.75,109.75,5.731473258471225,3.665762771890318,25.837322383167994,-22.171559611277676,-85.4812971198056,30.205278592375368,LOW
21.75_111.25,2023-12-12,21.75,111.25,26.25776552126557,21.20240434263987,71.42884902863662,-50.22644468599675,-70.21844384199244,31.818181818181817,LOW
21.75_111.75,2023-12-12,21.75,111.75,315.66048903949905,243.19535547121973,502.99844615456084,-259.8030906833411,-51.64060685719648,39.002932551319645,LOW
21.75_112.25,2023-12-12,21.75,112.25,2456.407348052279,1965.5362764411177,4855.6600319875215,-2890.123755546404,-59.519493066123395,37.096774193548384,LOW
21.75_112.75,2023-12-12,21.75,112.75,952.0292785197813,701.5124405146743,1865.88986686392,-1164.3774263492455,-62.39998657153263,34.75073313782991,LOW
21.75_113.25,2023-12-12,21.75,113.25,4455.160261939522,3584.5768594539754,3168.924151258958,415.65270819501757,13.116110460372832,46.48093841642228,LOW
21.75_113.75,2023-12-12,21.75,113.75,3807.518498604541,3072.5129347147767,2254.109747685279,818.4031870294975,36.30554733737043,47.94721407624634,LOW
21.75_114.25,2023-12-12,21.75,114.25,2183.9376417518665,1633.7382994626803,205.04998706058916,1428.688312402091,696.4116024926393,67.00879765395894,LOW
21.75_114.75,2023-12-12,21.75,114.75,1709.6337480497461,1337.6714210672192,41.043664824611696,1296.6277562426076,3151.4639295500456,79.61876832844574,MEDIUM
21.75_115.25,2023-12-12,21.75,115.25,1305.376468890055,1087.5806019780364,13.890504342489203,1073.690097635547,7674.420244985359,86.51026392961877,MEDIUM
21.75_115.75,2023-12-12,21.75,115.75,2037.0362431387666,1551.97448634159,22.1664130733446,1529.8080732682454,6870.473785917488,85.63049853372434,MEDIUM
21.75_116.25,2023-12-12,21.75,116.25,1255.6756104702322,1025.981872043427,13.704844287483795,1012.2770277559433,7332.766720691862,86.07038123167156,MEDIUM
21.75_116.75,2023-12-12,21.75,116.75,332.198200977304,248.97072387720596,2.739502180140652,246.2312216970653,8671.63347924841,87.82991202346041,MEDIUM
21.75_117.25,2023-12-12,21.75,117.25,27.094351339787618,21.426264905602444,0.5310639073310398,20.895200998271406,3311.106966431266,80.35190615835776,MEDIUM
21.75_117.75,2023-12-12,21.75,117.75,3.376984729074278,3.424731422737932,0.08044828363540064,3.3442831391025316,1853.3194507184796,74.34017595307918,MEDIUM
21.75_118.25,2023-12-12,21.75,118.25,1.814314111490686,0.5774914972786258,9.400079239447546,-8.82258774216892,-92.86857003817978,14.222873900293257,LOW
21.75_118.75,2023-12-12,21.75,118.75,0.4818554040067046,0.5774914972786258,0.1400329183582322,0.43745857892039364,182.24941058605867,53.81231671554252,LOW
21.75_119.25,2023-12-12,21.75,119.25,0.14367050344971097,0.5774914972786258,9.400079239447546,-8.82258774216892,-92.86857003817978,14.222873900293257,LOW
21.75_119.75,2023-12-12,21.75,119.75,0.1222345609715337,0.5774914972786258,9.400079239447546,-8.82258774216892,-92.86857003817978,14.222873900293257,LOW
22.25_112.75,2023-12-12,22.25,112.75,0.8648648739914279,0.5774914972786258,0.42181381403221774,0.15567768324640807,29.833952084065803,46.18768328445748,LOW
22.25_113.25,2023-12-12,22.25,113.25,286.50394598579527,211.04064046575598,197.35662939435008,13.684011071405905,6.930135044530165,45.894428152492665,LOW
22.25_113.75,2023-12-12,22.25,113.75,3044.3187947860197,2580.9229214787874,2934.2189561034484,-353.29603462466093,-12.040137418933188,42.66862170087977,LOW
22.25_114.25,2023-12-12,22.25,114.25,2525.824396199518,1969.8540901534136,1041.6238205248312,928.2302696285824,89.10521688569342,50.58651026392962,LOW
22.25_114.75,2023-12-12,22.25,114.75,3485.1955678328186,2623.4488744019595,1109.8292823431318,1513.6195920588277,136.37081354079422,53.665689149560116,LOW
22.25_115.25,2023-12-12,22.25,115.25,3183.4671686722913,2537.880252527416,478.3193455088397,2059.560907018576,430.4928147978752,62.75659824046921,LOW
22.25_115.75,2023-12-12,22.25,115.75,3240.365922801882,2548.0966508761576,87.10323609922423,2460.993414776933,2822.1354216450077,78.1524926686217,MEDIUM
22.25_116.25,2023-12-12,22.25,116.25,3621.396225032087,2675.0473379305413,92.95641954159274,2582.0909183889485,2774.7585079123432,77.85923753665689,MEDIUM
22.25_116.75,2023-12-12,22.25,116.75,3671.211520351008,2663.5401875572,128.33653656586307,2535.203650991337,1973.8959946893838,75.0733137829912,MEDIUM
22.25_117.25,2023-12-12,22.25,117.25,2119.957041519764,1576.365886446744,59.36016678951323,1517.0057196572309,2551.2974509933256,77.41935483870968,MEDIUM
22.25_117.75,2023-12-12,22.25,117.75,711.9686904644992,538.6437310444662,30.623603548645445,508.02012749582076,1653.5173899489357,73.60703812316716,MEDIUM
22.25_118.25,2023-12-12,22.25,118.25,264.0799320890889,202.63029276464732,12.919342358981043,189.71095040566627,1457.1469523942526,71.5542521994135,MEDIUM
22.25_118.75,2023-12-12,22.25,118.75,166.24901042920166,130.57921353565797,1.8382395413624524,128.74097399429553,6642.1601276279425,85.19061583577712,MEDIUM
22.25_119.25,2023-12-12,22.25,119.25,130.70125700328379,99.5586376733993,0.524018610708329,99.03461906269098,15870.459207983544,93.40175953079178,HIGH
22.25_119.75,2023-12-12,22.25,119.75,0.13814370900840783,0.5774914972786258,9.400079239447546,-8.82258774216892,-92.86857003817978,14.222873900293257,LOW
22.25_120.25,2023-12-12,22.25,120.25,486.7285547558977,376.72443520666417,276.29842164671777,100.4260135599464,36.33378691587002,47.80058651026393,LOW
22.25_120.75,2023-12-12,22.25,120.75,194.917622091951,150.2059274125104,4.955176304094346,145.25075110841604,2873.3073264086343,78.4457478005865,MEDIUM
22.25_121.25,2023-12-12,22.25,121.25,0.03873550646676723,0.5774914972786258,0.05493100506813531,0.5225604922104905,337.285937040607,58.94428152492669,LOW
22.75_113.25,2023-12-12,22.75,113.25,0.11046615009494189,0.5774914972786258,0.4835296379851614,0.0939618592934644,16.1023285154633,44.42815249266862,LOW
22.75_113.75,2023-12-12,22.75,113.75,591.065036513682,461.5923241271738,446.47501004704606,15.117314080127755,3.3851679426789167,45.45454545454545,LOW
22.75_114.25,2023-12-12,22.75,114.25,7.896839066410645,4.74792997071566,67.10667720633292,-62.35874723561726,-92.78653524882371,28.152492668621704,LOW
22.75_114.75,2023-12-12,22.75,114.75,1078.2711446656106,838.0202549223244,719.1351189851932,118.88513593713117,16.529384174798427,46.774193548387096,LOW
22.75_115.25,2023-12-12,22.75,115.25,895.584466867067,679.5360744625789,1253.410080565621,-573.8740061030421,-45.78136346889952,39.29618768328446,LOW
22.75_115.75,2023-12-12,22.75,115.75,761.1593839141515,560.8817250173396,365.22416359198684,195.65756142535275,53.557246118511166,48.53372434017595,LOW
22.75_116.25,2023-12-12,22.75,116.25,4092.2615764989073,3283.776944201772,1518.1888467539957,1765.5880974477764,116.28802393052486,52.785923753665685,LOW
22.75_116.75,2023-12-12,22.75,116.75,5528.32992253291,4502.595114462321,2111.1732353507387,2391.4218791115827,113.2691798991287,52.49266862170088,LOW
22.75_117.25,2023-12-12,22.75,117.25,4806.607995924949,3675.960357974332,232.753407527339,3443.2069504469932,1478.701551766096,71.7008797653959,MEDIUM
22.75_117.75,2023-12-12,22.75,117.75,2665.2951373703945,2029.3995508315868,271.84737769796584,1757.552173133621,646.2839200772213,66.42228739002933,LOW
22.75_118.25,2023-12-12,22.75,118.25,877.4819224110138,671.4355765612,184.04409574584525,487.3914808153548,264.6793962311179,58.79765395894429,LOW
22.75_118.75,2023-12-12,22.75,118.75,807.3039157404825,605.4823141983459,61.860628952621774,543.621685245724,877.3663121809249,68.62170087976538,LOW
22.75_119.25,2023-12-12,22.75,119.25,671.3180625504067,523.2990943950387,23.202648092100382,500.09644630293826,2146.092771629982,75.95307917888563,MEDIUM
22.75_119.75,2023-12-12,22.75,119.75,393.4801128138931,291.38895620245313,29.88790061375662,261.5010555886965,872.0218829481371,68.32844574780059,LOW
22.75_120.25,2023-12-12,22.75,120.25,867.2885814761065,670.4314540843825,501.28577580198316,169.14567828239933,33.73563560151765,47.360703812316714,LOW
23.25_113.25,2023-12-12,23.25,113.25,0.02133569305219147,0.5774914972786258,0.03467698074936314,0.5428145165292627,403.04921710374,60.55718475073314,LOW
23.25_113.75,2023-12-12,23.25,113.75,18.515633112504474,14.79225248728344,0.49206741261335385,14.300185074670086,2415.2967668917695,76.24633431085044,MEDIUM
23.25_116.25,2023-12-12,23.25,116.25,14.754958960817039,10.70900766004809,2.3424467319622853,8.366560928085805,342.5483478759035,60.997067448680355,LOW
23.25_116.75,2023-12-12,23.25,116.75,642.1264539909602,489.437903903358,519.7655171283927,-30.327613225034725,-5.8337420401639415,43.25513196480939,LOW
23.25_117.25,2023-12-12,23.25,117.25,317.34522858856775,244.9534217233917,59.676967353243114,185.2764543701486,309.94622606945734,59.67741935483871,LOW
23.25_117.75,2023-12-12,23.25,117.75,306.88757895674,242.02657140341313,33.27103720188519,208.75553420152795,625.5590227496284,66.12903225806451,LOW
23.25_118.25,2023-12-12,23.25,118.25,32.92032057892718,23.27076459805176,7.114780037097345,16.155984560954415,223.92899683542262,57.77126099706745,LOW
23.25_118.75,2023-12-12,23.25,118.75,16.787328649838884,14.255145807322148,3.6867897596149364,10.568356047707212,279.08483751635225,59.09090909090909,LOW
23.25_119.25,2023-12-12,23.25,119.25,27.740310695462348,22.444591226475758,1.7653197270863608,20.679271499389397,1108.6180668710626,70.23460410557185,MEDIUM
23.25_119.75,2023-12-12,23.25,119.75,209.49709661191528,160.46436751979067,20.710791876614394,139.75357564317628,671.5437666753126,66.86217008797654,LOW
23.25_120.25,2023-12-12,23.25,120.25,38.20016145599107,28.13886071151679,18.083660959250654,10.055199752266137,55.29799403321315,48.82697947214076,LOW
5.25_100.25,2023-12-12,5.25,100.25,245.6195669209975,185.75202751986458,24.57959705554179,161.1724304643228,653.0594081483661,66.56891495601172,LOW
5.25_103.25,2023-12-12,5.25,103.25,6.818560599178265,4.527961494729635,14.427304849705166,-9.899343354975532,-68.14301384455659,32.40469208211144,LOW
5.25_103.75,2023-12-12,5.25,103.75,50.44045945671005,39.674025046219015,0.0,39.674025046219015,39674.02504621901,97.21407624633432,HIGH
5.25_104.25,2023-12-12,5.25,104.25,22.540473219005822,16.28322497041655,9.400079239447546,6.883145730969005,72.45356125439305,50.0,LOW
5.25_118.25,2023-12-12,5.25,118.25,0.05036008121042293,0.5774914972786258,0.25340145616706367,0.32409004111156214,91.7059155971205,49.41348973607038,LOW
5.25_118.75,2023-12-12,5.25,118.75,1.7556071758992728,0.5774914972786258,6.965611366865206,-6.38811986958658,-90.41142426180161,28.445747800586513,LOW
5.25_119.25,2023-12-12,5.25,119.25,6.0801887074274195,4.122010601226224,13.425619829508525,-9.303609228282301,-68.78508597428443,32.25806451612903,LOW
5.25_99.25,2023-12-12,5.25,99.25,103.58734394941686,77.33243430150267,0.8533235967561139,76.47911070474656,8022.366273632897,87.09677419354838,MEDIUM
5.25_99.75,2023-12-12,5.25,99.75,214.3263511885386,164.41984125302747,0.48842906430919986,163.93141218871827,27859.16300398408,95.89442815249268,HIGH
5.75_100.25,2023-12-12,5.75,100.25,168.92634569697975,131.1149877720533,310.5482477406945,-179.43325996864118,-57.76091166573017,37.3900293255132,LOW
5.75_102.75,2023-12-12,5.75,102.75,3.3639958904030776,3.424731422737932,0.4491417891419648,2.9755896335959675,541.861809177796,64.36950146627566,LOW
5.75_103.25,2023-12-12,5.75,103.25,28.911668575387182,22.444591226475758,29.090652500085966,-6.646061273610208,-22.767772229793884,40.76246334310851,LOW
5.75_103.75,2023-12-12,5.75,103.75,76.70831965930532,58.517792691644544,9.400079239447546,49.117713452196995,517.0242501582894,64.07624633431085,LOW
5.75_104.25,2023-12-12,5.75,104.25,2.2082507689078597,0.8393886554775556,9.400079239447546,-8.56069058396999,-90.11178084097556,28.592375366568916,LOW
5.75_99.25,2023-12-12,5.75,99.25,26.20928402712471,21.20240434263987,8.567340786789215,12.635063555850655,145.7778558229654,53.95894428152492,LOW
5.75_99.75,2023-12-12,5.75,99.75,40.158847816913365,29.502528838801595,1.014182211475122,28.48834662732647,2556.8839938316114,77.12609970674487,MEDIUM
6.25_100.25,2023-12-12,6.25,100.25,1.757882402002081,0.5774914972786258,66.20776498093889,-65.63027348366026,-98.97826220281534,0.1466275659824047,LOW
6.25_102.25,2023-12-12,6.25,102.25,0.020015015831596164,0.5774914972786258,4.071569807070783,-3.4940783097921573,-83.75931535101529,30.058651026392962,LOW
6.25_102.75,2023-12-12,6.25,102.75,7.072570851272763,4.575974414767974,13.294059134123959,-8.718084719355986,-65.0891909021439,32.697947214076244,LOW
6.25_103.25,2023-12-12,6.25,103.25,14.052689938433158,10.078184985584949,1.1439110196504485,8.934273965934501,718.2405995924951,67.30205278592375,LOW
6.25_103.75,2023-12-12,6.25,103.75,24.521506484581558,20.079193528775118,9.400079239447546,10.679114289327572,112.41079174354961,52.05278592375366,LOW
6.25_105.25,2023-12-12,6.25,105.25,0.38032017016588743,0.5774914972786258,9.400079239447546,-8.82258774216892,-92.86857003817978,14.222873900293257,LOW
6.25_105.75,2023-12-12,6.25,105.75,2.083719188480043,0.6345665669159336,9.400079239447546,-8.765512672531612,-92.26778484261726,28.005865102639294,LOW
6.25_106.25,2023-12-12,6.25,106.25,23.327187127435288,19.101628099237008,9.400079239447546,9.701548859789462,102.12071515683097,51.17302052785924,LOW
6.25_106.75,2023-12-12,6.25,106.75,33.9053540039807,25.178927515880552,9.400079239447546,15.778848276433006,166.09175438152016,55.79178885630498,LOW
6.25_107.25,2023-12-12,6.25,107.25,0.3673138968119059,0.5774914972786258,9.400079239447546,-8.82258774216892,-92.86857003817978,14.222873900293257,LOW
6.25_99.25,2023-12-12,6.25,99.25,76.30511210931981,58.37217359763107,32.20824900316769,26.16392459446338,80.98218071768024,50.29325513196481,LOW
6.25_99.75,2023-12-12,6.25,99.75,22.66045434722802,16.28322497041655,4.919669555282552,11.363555415133998,226.3805473644242,58.06451612903226,LOW
6.75_100.25,2023-12-12,6.75,100.25,0.4187462110133072,0.5774914972786258,0.3283646139167025,0.2491268833619233,58.15767112135158,47.50733137829912,LOW
6.75_101.25,2023-12-12,6.75,101.25,0.038338867433519136,0.5774914972786258,9.400079239447546,-8.82258774216892,-92.86857003817978,14.222873900293257,LOW
6.75_101.75,2023-12-12,6.75,101.75,7.759514787492903,4.74792997071566,0.625529685339731,4.122400285375929,568.1918147078442,64.80938416422288,LOW
6.75_102.25,2023-12-12,6.75,102.25,20.50909730690244,15.164154711739837,9.400079239447546,5.764075472292291,60.67397257443809,49.193548387096776,LOW
6.75_102.75,2023-12-12,6.75,102.75,5.372575954771429,3.6276992190497324,0.019603750518343527,3.608095468531389,3016.7076307343877,78.73900293255132,MEDIUM
6.75_103.25,2023-12-12,6.75,103.25,4.78503150375154,3.6276992190497324,9.400079239447546,-5.772380020397813,-60.76138814115294,35.70381231671554,LOW
6.75_103.75,2023-12-12,6.75,103.75,8.87550883224941,7.277740367184753,9.400079239447546,-2.1223388722627927,-22.340222842038234,40.615835777126094,LOW
6.75_104.25,2023-12-12,6.75,104.25,0.029978937040443913,0.5774914972786258,9.400079239447546,-8.82258774216892,-92.86857003817978,14.222873900293257,LOW
6.75_104.75,2023-12-12,6.75,104.75,1.5630193112391952,0.5774914972786258,9.400079239447546,-8.82258774216892,-92.86857003817978,14.222873900293257,LOW
6.75_105.25,2023-12-12,6.75,105.25,5.147930067149376,3.6276992190497324,9.400079239447546,-5.772380020397813,-60.76138814115294,35.70381231671554,LOW
6.75_105.75,2023-12-12,6.75,105.75,10.530626855274676,8.162598082858224,9.400079239447546,-1.2374811565893218,-13.026008787914957,42.375366568914956,LOW
6.75_106.25,2023-12-12,6.75,106.25,55.33187303611528,40.485069161615016,9.400079239447546,31.08498992216747,327.20769099579786,60.26392961876833,LOW
6.75_106.75,2023-12-12,6.75,106.75,211.0565505305259,164.10666884243363,9.400079239447546,154.7065896029861,1628.476833757259,72.72727272727273,MEDIUM
6.75_107.25,2023-12-12,6.75,107.25,342.60741706036856,256.48371423984634,9.400079239447546,247.0836350003988,2600.8586746774054,77.71260997067448,MEDIUM
6.75_107.75,2023-12-12,6.75,107.75,327.6911829251645,245.2998597562752,2.183168542600771,243.11669121367441,10648.214824155675,89.88269794721407,MEDIUM
6.75_108.25,2023-12-12,6.75,108.25,409.47919766188846,306.7692049577643,2.9030960447687377,303.86610891299557,10118.427928481244,89.58944281524927,MEDIUM
6.75_108.75,2023-12-12,6.75,108.75,278.9622121795786,208.28961385484226,1.625285440505217,206.66432841433704,11978.558652521828,90.76246334310851,HIGH
6.75_109.25,2023-12-12,6.75,109.25,31.6334099802063,23.27076459805176,0.32502010752801436,22.945744490523744,5398.743279225047,83.28445747800586,MEDIUM
6.75_99.25,2023-12-12,6.75,99.25,39.46552714546639,28.627098391075883,42.04575882842605,-13.41866043735017,-31.83869696587284,40.17595307917888,LOW
6.75_99.75,2023-12-12,6.75,99.75,25.466980614406943,20.286226520266588,132.2657730536472,-111.97954653338061,-84.59856649497742,30.35190615835777,LOW
7.25_100.75,2023-12-12,7.25,100.75,10.5935355494161,8.24728720204074,9.400079239447546,-1.1527920374068064,-12.134551811105148,42.52199413489736,LOW
7.25_101.25,2023-12-12,7.25,101.25,17.0963584021168,14.561024047464766,0.047814806514410856,14.513209240950355,9818.50843172157,89.44281524926686,MEDIUM
7.25_101.75,2023-12-12,7.25,101.75,11.56832173966559,9.28061583227653,1.2716326304264571,8.008983201850072,583.9014780043532,65.24926686217009,LOW
7.25_102.25,2023-12-12,7.25,102.25,32.61380142096961,23.27076459805176,9.400079239447546,13.870685358604213,146.00599646588662,54.39882697947213,LOW
7.25_102.75,2023-12-12,7.25,102.75,3.5268663382644134,3.471179392068367,9.400079239447546,-5.92889984737918,-62.4089515249555,34.384164222873906,LOW
7.25_103.25,2023-12-12,7.25,103.25,0.01197326839925842,0.5774914972786258,9.400079239447546,-8.82258774216892,-92.86857003817978,14.222873900293257,LOW
7.25_103.75,2023-12-12,7.25,103.75,6.30065027118224,4.440531423126886,9.400079239447546,-4.95954781632066,-52.20533104320791,37.903225806451616,LOW
7.25_104.25,2023-12-12,7.25,104.25,18.369452014734417,14.79225248728344,9.400079239447546,5.392173247835894,56.75924496972367,48.97360703812317,LOW
7.25_104.75,2023-12-12,7.25,104.75,13.10739451410627,9.464845601570339,9.400079239447546,0.06476636212279274,0.681745493804524,44.794721407624635,LOW
7.25_105.25,2023-12-12,7.25,105.25,15.858151589742231,12.861905150483732,9.400079239447546,3.461825911036186,36.43996880217075,47.65395894428153,LOW
7.25_105.75,2023-12-12,7.25,105.75,13.023969557003317,9.464845601570339,9.400079239447546,0.06476636212279274,0.681745493804524,44.794721407624635,LOW
7.25_106.25,2023-12-12,7.25,106.25,27.130454209154585,21.426264905602444,9.400079239447546,12.026185666154898,126.59037217519305,53.0791788856305,LOW
7.25_106.75,2023-12-12,7.25,106.75,94.16529704004645,70.69055929993075,9.400079239447546,61.290480060483205,645.1575667493844,66.27565982404691,LOW
7.25_107.25,2023-12-12,7.25,107.25,407.6205297174051,306.2836899442954,0.6238250784762935,305.65986486581915,42228.41594674451,97.94721407624634,HIGH
7.25_107.75,2023-12-12,7.25,107.75,746.5649504363619,559.7264919322719,9.70940208461908,550.0170898476528,5607.039910312852,83.43108504398828,MEDIUM
7.25_108.25,2023-12-12,7.25,108.25,566.8382633414988,443.43194658828025,3.248278293433372,440.1836682948469,13146.567570507299,91.49560117302052,HIGH
7.25_108.75,2023-12-12,7.25,108.75,508.8641554127124,402.9057892356266,4.5757916889678025,398.32999754665883,8518.985105484706,87.68328445747801,MEDIUM
7.25_109.25,2023-12-12,7.25,109.25,78.788499607181,58.98762842554478,7.614065037004993,51.373563388539786,665.9726505039387,66.71554252199414,LOW
7.25_112.25,2023-12-12,7.25,112.25,0.07727923142295295,0.5774914972786258,0.0,0.5774914972786258,577.4914972786257,63.56304985337243,LOW
7.25_112.75,2023-12-12,7.25,112.75,1.1510072464497156,0.5774914972786258,9.400079239447546,-8.82258774216892,-92.86857003817978,14.222873900293257,LOW
7.25_113.25,2023-12-12,7.25,113.25,0.06883212761597705,0.5774914972786258,0.19095939575091958,0.38653210152770623,132.84743753681812,51.02639296187683,LOW
7.25_99.25,2023-12-12,7.25,99.25,6.031406465008599,4.122010601226224,1.2140395142756768,2.907971086950547,221.30012494742024,56.89149560117303,LOW
7.25_99.75,2023-12-12,7.25,99.75,0.0,0.5774914972786258,0.2193637683905919,0.3581277288880339,112.13787045812676,50.43988269794721,LOW
7.75_100.75,2023-12-12,7.75,100.75,1.859134322247721,0.5774914972786258,9.400079239447546,-8.82258774216892,-92.86857003817978,14.222873900293257,LOW
7.75_101.25,2023-12-12,7.75,101.25,14.954376862456234,12.38547878542666,9.400079239447546,2.9853995459791136,31.42499626300719,47.214076246334315,LOW
7.75_101.75,2023-12-12,7.75,101.75,9.438823432875605,7.759221127682378,9.400079239447546,-1.6408581117651684,-17.272046584114477,41.348973607038126,LOW
7.75_102.25,2023-12-12,7.75,102.25,3.047922526281991,3.2961790057318567,9.400079239447546,-6.10390023371569,-64.25104548991791,33.137829912023456,LOW
7.75_102.75,2023-12-12,7.75,102.75,0.057809049428236045,0.5774914972786258,9.400079239447546,-8.82258774216892,-92.86857003817978,14.222873900293257,LOW
7.75_103.25,2023-12-12,7.75,103.25,5.711824370978011,3.665762771890318,9.400079239447546,-5.734316467557228,-60.36072250583347,36.65689149560117,LOW
7.75_103.75,2023-12-12,7.75,103.75,24.490058675516885,20.079193528775118,9.400079239447546,10.679114289327572,112.41079174354961,52.05278592375366,LOW
7.75_104.25,2023-12-12,7.75,104.25,33.892426186699225,25.178927515880552,9.400079239447546,15.778848276433006,166.09175438152016,55.79178885630498,LOW
7.75_104.75,2023-12-12,7.75,104.75,37.49297149439249,27.70668232377658,9.400079239447546,18.306603084329033,192.69947779292008,56.524926686217015,LOW
7.75_105.25,2023-12-12,7.75,105.25,40.429769711304594,29.890227685290416,9.400079239447546,20.49014844584287,215.68397409529845,57.11143695014663,LOW
7.75_105.75,2023-12-12,7.75,105.75,25.230884498869038,20.079193528775118,9.400079239447546,10.679114289327572,112.41079174354961,52.05278592375366,LOW
7.75_106.25,2023-12-12,7.75,106.25,28.446293305278406,22.444591226475758,9.400079239447546,13.044511987028212,137.30950719719243,53.44574780058651,LOW
7.75_106.75,2023-12-12,7.75,106.75,103.86413697323431,79.74122155907041,0.1890495415084025,79.55217201756201,27521.98519410192,95.74780058651027,HIGH
7.75_107.25,2023-12-12,7.75,107.25,338.10081308194503,254.67415170347422,1.5017525121415787,253.17239919133266,15805.962361366022,93.10850439882698,HIGH
7.75_107.75,2023-12-12,7.75,107.75,734.2314858495366,544.8286323901195,2.0204765492696453,542.8081558408498,25598.40409590047,95.45454545454545,HIGH
7.75_108.25,2023-12-12,7.75,108.25,364.10550546531556,278.1037207276953,0.5915120637523438,277.51220866394294,40131.21725716277,97.36070381231671,HIGH
7.75_108.75,2023-12-12,7.75,108.75,314.8100382894961,242.67472268770248,0.9237701740078563,241.75095251369464,23613.791322644982,95.01466275659824,HIGH
7.75_109.25,2023-12-12,7.75,109.25,132.24770028986978,100.4960597022181,1.7535397864152735,98.74251991580283,5327.240377546457,83.13782991202346,MEDIUM
7.75_109.75,2023-12-12,7.75,109.75,3.6264314529510746,3.471179392068367,9.400079239447546,-5.92889984737918,-62.4089515249555,34.384164222873906,LOW
7.75_110.25,2023-12-12,7.75,110.25,1.7842654357191214,0.5774914972786258,9.400079239447546,-8.82258774216892,-92.86857003817978,14.222873900293257,LOW
7.75_110.75,2023-12-12,7.75,110.75,0.8201841406966344,0.5774914972786258,9.400079239447546,-8.82258774216892,-92.86857003817978,14.222873900293257,LOW
7.75_111.25,2023-12-12,7.75,111.25,0.004184323867232647,0.5774914972786258,9.400079239447546,-8.82258774216892,-92.86857003817978,14.222873900293257,LOW
7.75_111.75,2023-12-12,7.75,111.75,0.008638885317557403,0.5774914972786258,9.400079239447546,-8.82258774216892,-92.86857003817978,14.222873900293257,LOW
7.75_112.25,2023-12-12,7.75,112.25,0.08895611021494908,0.5774914972786258,9.400079239447546,-8.82258774216892,-92.86857003817978,14.222873900293257,LOW
7.75_112.75,2023-12-12,7.75,112.75,0.7132833832302303,0.5774914972786258,9.400079239447546,-8.82258774216892,-92.86857003817978,14.222873900293257,LOW
7.75_113.25,2023-12-12,7.75,113.25,0.4060755553028434,0.5774914972786258,9.400079239447546,-8.82258774216892,-92.86857003817978,14.222873900293257,LOW
7.75_99.25,2023-12-12,7.75,99.25,0.27795678889301373,0.5774914972786258,0.5158696859328709,0.06162181134575495,10.00565748781986,43.10850439882698,LOW
8.25_100.75,2023-12-12,8.25,100.75,3.2028863455025354,3.3811420384826674,9.400079239447546,-6.018937200964879,-63.35670523643859,33.50439882697947,LOW
8.25_101.25,2023-12-12,8.25,101.25,13.7024489547337,9.464845601570339,9.400079239447546,0.06476636212279274,0.681745493804524,44.794721407624635,LOW
8.25_101.75,2023-12-12,8.25,101.75,7.246547192065045,4.575974414767974,9.400079239447546,-4.824104824679572,-50.77962723351038,38.70967741935484,LOW
8.25_102.75,2023-12-12,8.25,102.75,2.4808028061390313,1.2100136529926617,9.400079239447546,-8.190065586454885,-86.2104976182405,29.692082111436953,LOW
8.25_103.25,2023-12-12,8.25,103.25,37.70845981488428,27.70668232377658,9.400079239447546,18.306603084329033,192.69947779292008,56.524926686217015,LOW
8.25_103.75,2023-12-12,8.25,103.75,14.49412303041412,10.078184985584949,9.400079239447546,0.6781057461374029,7.13789568535048,45.74780058651026,LOW
8.25_104.25,2023-12-12,8.25,104.25,19.50546107532252,14.79225248728344,0.003188508676219752,14.78906397860722,14332.084229467526,92.37536656891496,HIGH
8.25_104.75,2023-12-12,8.25,104.75,32.585640049609,23.27076459805176,9.400079239447546,13.870685358604213,146.00599646588662,54.39882697947213,LOW
8.25_105.25,2023-12-12,8.25,105.25,45.8501166968936,36.55722169062211,9.400079239447546,27.15714245117456,285.86227300514406,59.3108504398827,LOW
8.25_105.75,2023-12-12,8.25,105.75,49.811263548528416,39.54385679940542,9.400079239447546,30.143777559957872,317.30027508392453,59.970674486803524,LOW
8.25_106.25,2023-12-12,8.25,106.25,45.970402932064445,36.55722169062211,9.400079239447546,27.15714245117456,285.86227300514406,59.3108504398827,LOW
8.25_106.75,2023-12-12,8.25,106.75,144.7108963512621,109.43503656954526,9.400079239447546,100.03495733009771,1052.9907678529532,69.79472140762464,LOW
8.25_107.25,2023-12-12,8.25,107.25,335.8332713155727,253.6355586316905,0.9248615341429189,252.71069709754758,24658.033176051133,95.16129032258065,HIGH
8.25_107.75,2023-12-12,8.25,107.75,379.5065458245868,286.9421666988161,0.9244111128429324,286.0177555859732,27920.212110177174,96.18768328445748,HIGH
8.25_108.25,2023-12-12,8.25,108.25,262.1334630821248,201.34166972999842,0.5376385431495035,200.8040311868489,31491.827673247713,96.62756598240469,HIGH
8.25_108.75,2023-12-12,8.25,108.75,190.0021704436626,142.0059740982512,0.9079868515756756,141.0979872466755,13997.998786007223,92.22873900293254,HIGH
8.25_109.25,2023-12-12,8.25,109.25,48.89436050510897,39.54385679940542,0.25322362468423193,39.29063317472119,11123.444308076922,90.32258064516128,HIGH
8.25_109.75,2023-12-12,8.25,109.75,130.69314551712034,99.5586376733993,9.400079239447546,90.15855843395175,949.0295413493278,69.35483870967742,LOW
8.25_110.25,2023-12-12,8.25,110.25,58.833611637822834,44.865713673072996,9.400079239447546,35.46563443362545,373.3193538677039,61.87683284457478,LOW
8.25_110.75,2023-12-12,8.25,110.75,1.3929701327431385,0.5774914972786258,9.400079239447546,-8.82258774216892,-92.86857003817978,14.222873900293257,LOW
8.25_111.25,2023-12-12,8.25,111.25,0.24082527324201902,0.5774914972786258,0.2927080978993015,0.2847833993793243,72.51783217680136,48.240469208211145,LOW
8.75_100.75,2023-12-12,8.75,100.75,4.145095830977342,3.6276992190497324,9.400079239447546,-5.772380020397813,-60.76138814115294,35.70381231671554,LOW
8.75_101.25,2023-12-12,8.75,101.25,4.13329255073519,3.6276992190497324,9.400079239447546,-5.772380020397813,-60.76138814115294,35.70381231671554,LOW
8.75_102.75,2023-12-12,8.75,102.75,10.363589518228885,8.029584145228458,9.400079239447546,-1.3704950942190877,-14.426143821288647,42.08211143695015,LOW
8.75_103.25,2023-12-12,8.75,103.25,57.401108361875735,44.554132952091386,9.400079239447546,35.154053712643844,370.0395841612806,61.58357771260997,LOW
8.75_103.75,2023-12-12,8.75,103.75,31.699121299604638,23.27076459805176,9.400079239447546,13.870685358604213,146.00599646588662,54.39882697947213,LOW
8.75_104.25,2023-12-12,8.75,104.25,36.558184825111326,27.70668232377658,9.400079239447546,18.306603084329033,192.69947779292008,56.524926686217015,LOW
8.75_104.75,2023-12-12,8.75,104.75,2.2536288895138585,0.8979445043810281,9.400079239447546,-8.502134735066518,-89.49540862525416,29.03225806451613,LOW
8.75_105.25,2023-12-12,8.75,105.25,3.2047300632065343,3.3811420384826674,9.400079239447546,-6.018937200964879,-63.35670523643859,33.50439882697947,LOW
8.75_105.75,2023-12-12,8.75,105.75,17.87644277241912,14.79225248728344,0.022189695497231002,14.77006279178621,12087.813732313392,90.9090909090909,HIGH
8.75_106.25,2023-12-12,8.75,106.25,32.1939175969049,23.27076459805176,9.400079239447546,13.870685358604213,146.00599646588662,54.39882697947213,LOW
8.75_106.75,2023-12-12,8.75,106.75,108.99500720328332,83.2809149800734,9.400079239447546,73.88083574062586,777.686521117083,67.59530791788856,LOW
8.75_107.25,2023-12-12,8.75,107.25,366.4850563512089,279.57500330515745,0.009568056095979894,279.56543524906147,255152.3183035816,100.0,HIGH
8.75_107.75,2023-12-12,8.75,107.75,225.44622237640422,167.78854023962785,0.3829879702247756,167.40555226940307,34660.39789593413,96.9208211143695,HIGH
8.75_108.25,2023-12-12,8.75,108.25,427.54995869123354,332.1706176373709,2.5395695949835035,329.6310480423874,12488.06050307787,91.34897360703812,HIGH
8.75_108.75,2023-12-12,8.75,108.75,213.30288300529625,164.41984125302747,9.400079239447546,155.01976201357994,1631.7733579514304,72.94721407624634,MEDIUM
8.75_109.25,2023-12-12,8.75,109.25,42.66799069991151,30.688902998497372,9.400079239447546,21.288823759049826,224.09101253231051,57.91788856304986,LOW
8.75_109.75,2023-12-12,8.75,109.75,2.766587767600326,1.7299811543518746,9.400079239447546,-7.670098085095671,-80.73720115140543,30.86510263929619,LOW
8.75_110.25,2023-12-12,8.75,110.25,9.418063084355158,7.759221127682378,9.400079239447546,-1.6408581117651684,-17.272046584114477,41.348973607038126,LOW
8.75_110.75,2023-12-12,8.75,110.75,2.4543282403373947,1.2100136529926617,0.18282335775842076,1.0271902952342409,363.191464586046,60.410557184750736,LOW
8.75_111.25,2023-12-12,8.75,111.25,0.016297069728732155,0.5774914972786258,0.033677171569707405,0.5438143257089184,406.81166374420224,60.70381231671554,LOW
8.75_111.75,2023-12-12,8.75,111.75,4.271083207417299,3.6276992190497324,9.400079239447546,-5.772380020397813,-60.76138814115294,35.70381231671554,LOW
9.25_100.25,2023-12-12,9.25,100.25,0.6676524597239192,0.5774914972786258,0.4375491492619827,0.13994234801664313,26.033405170257296,46.04105571847507,LOW
9.25_100.75,2023-12-12,9.25,100.75,6.276442214142021,4.313550576463401,0.03568434675792796,4.277866229705473,3152.807477002147,79.03225806451613,MEDIUM
9.25_101.25,2023-12-12,9.25,101.25,0.5682311811701936,0.5774914972786258,9.400079239447546,-8.82258774216892,-92.86857003817978,14.222873900293257,LOW
9.25_102.25,2023-12-12,9.25,102.25,0.004306366646693599,0.5774914972786258,9.400079239447546,-8.82258774216892,-92.86857003817978,14.222873900293257,LOW
9.25_102.75,2023-12-12,9.25,102.75,9.361317550576512,7.759221127682378,9.400079239447546,-1.6408581117651684,-17.272046584114477,41.348973607038126,LOW
9.25_103.25,2023-12-12,9.25,103.25,43.19429146899548,30.951430441513544,9.400079239447546,21.551351202065998,226.8544362511998,58.21114369501467,LOW
9.25_103.75,2023-12-12,9.25,103.75,17.615441212529788,14.635670042763286,9.400079239447546,5.2355908033157394,55.11102245943164,48.68035190615836,LOW
9.25_104.25,2023-12-12,9.25,104.25,6.233365471663,4.313550576463401,9.400079239447546,-5.086528662984145,-53.54196038558454,37.683284457478,LOW
9.25_105.75,2023-12-12,9.25,105.75,0.33091463783767694,0.5774914972786258,9.400079239447546,-8.82258774216892,-92.86857003817978,14.222873900293257,LOW
9.25_106.25,2023-12-12,9.25,106.25,9.607272979226586,7.894499149623826,9.400079239447546,-1.5055800898237202,-15.84807928308684,41.71554252199414,LOW
9.25_106.75,2023-12-12,9.25,106.75,126.94661525183831,95.60684442711138,9.400079239447546,86.20676518766383,907.4320646685152,69.06158357771261,LOW
9.25_107.25,2023-12-12,9.25,107.25,566.3981247747142,443.0964017370476,0.8620968024400543,442.2343049346075,45965.676615182594,98.24046920821115,HIGH
9.25_107.75,2023-12-12,9.25,107.75,259.0188964809157,201.08557345502612,0.1300298986338413,200.95554355639229,87360.61909772469,99.26686217008798,HIGH
9.25_108.25,2023-12-12,9.25,108.25,298.54813431593146,239.40370468389932,0.030860028254318266,239.372844655645,182922.81290849092,99.70674486803519,HIGH
9.25_108.75,2023-12-12,9.25,108.75,316.7569998262487,244.9534217233917,9.400079239447546,235.55334248394416,2479.4881868547677,76.61290322580645,MEDIUM
9.25_109.25,2023-12-12,9.25,109.25,7.689440438728841,4.63437899138186,9.400079239447546,-4.765700248065686,-50.16484734439777,39.14956011730205,LOW
9.25_109.75,2023-12-12,9.25,109.75,7.008886313747621,4.575974414767974,9.400079239447546,-4.824104824679572,-50.77962723351038,38.70967741935484,LOW
9.25_110.25,2023-12-12,9.25,110.25,4.722253569730964,3.6276992190497324,9.400079239447546,-5.772380020397813,-60.76138814115294,35.70381231671554,LOW
9.25_110.75,2023-12-12,9.25,110.75,5.736873651462371,3.706578456073067,9.400079239447546,-5.693500783374479,-59.93108730854724,36.80351906158358,LOW
9.25_111.25,2023-12-12,9.25,111.25,5.679374067653483,3.6276992190497324,0.41113562767754425,3.216563591372188,629.2974735467654,65.8357771260997,LOW
9.25_111.75,2023-12-12,9.25,111.75,59.42110814346507,44.99123682155093,0.9949571185781038,43.99627970297282,4018.082439621543,81.23167155425219,MEDIUM
9.25_112.25,2023-12-12,9.25,112.25,1.047340622639027,0.5774914972786258,9.400079239447546,-8.82258774216892,-92.86857003817978,14.222873900293257,LOW
9.25_99.75,2023-12-12,9.25,99.75,0.5334054023168718,0.5774914972786258,1.2255542125800456,-0.6480627153014198,-48.88994423246085,37.5366568914956,LOW
9.75_100.25,2023-12-12,9.75,100.25,12.984100796155843,9.335312877324752,0.06150409116127349,9.273808786163478,5742.151000312995,83.72434017595309,MEDIUM
9.75_100.75,2023-12-12,9.75,100.75,6.141759289665471,4.122010601226224,0.2636587944344827,3.8583518067917413,1060.9813005599863,69.50146627565982,LOW
9.75_101.25,2023-12-12,9.75,101.25,0.8552278530847078,0.5774914972786258,9.400079239447546,-8.82258774216892,-92.86857003817978,14.222873900293257,LOW
9.75_102.25,2023-12-12,9.75,102.25,0.9281179031177614,0.5774914972786258,9.400079239447546,-8.82258774216892,-92.86857003817978,14.222873900293257,LOW
9.75_102.75,2023-12-12,9.75,102.75,40.78292664569903,29.890227685290416,9.400079239447546,20.49014844584287,215.68397409529845,57.11143695014663,LOW
9.75_103.25,2023-12-12,9.75,103.25,13.193016241239516,9.464845601570339,0.013493368897808417,9.45135223267253,8327.669117992882,87.3900293255132,MEDIUM
9.75_103.75,2023-12-12,9.75,103.75,6.446534979345029,4.527961494729635,9.400079239447546,-4.872117744717911,-51.28502217631225,38.34310850439883,LOW
9.75_104.25,2023-12-12,9.75,104.25,0.39859171771947,0.5774914972786258,0.01344862483053522,0.5640428724480906,497.1791181167988,62.6099706744868,LOW
9.75_106.25,2023-12-12,9.75,106.25,0.00915756713026645,0.5774914972786258,9.400079239447546,-8.82258774216892,-92.86857003817978,14.222873900293257,LOW
9.75_106.75,2023-12-12,9.75,106.75,316.65733882080684,244.9534217233917,0.003143729950490106,244.9502779934412,237484.40948472533,99.8533724340176,HIGH
9.75_107.25,2023-12-12,9.75,107.25,938.9327676064008,699.6747581683378,1.6285497818841432,698.0462083864537,40383.3442173458,97.50733137829913,HIGH
9.75_107.75,2023-12-12,9.75,107.75,311.5315072140813,242.67472268770248,1.3116540324488049,241.36306865525367,17097.89106305032,93.841642228739,HIGH
9.75_108.25,2023-12-12,9.75,108.25,83.23190286052647,62.32967555507156,9.400079239447546,52.92959631562401,557.1489982509031,64.95601173020528,LOW
9.75_108.75,2023-12-12,9.75,108.75,201.65323718780274,158.5334264967631,9.400079239447546,149.13334725731556,1569.8116141817366,72.28739002932552,MEDIUM
9.75_109.25,2023-12-12,9.75,109.25,180.25265224630357,134.4548194891866,0.31278910358937845,134.14203038559722,32496.504684637912,96.7741935483871,HIGH
9.75_109.75,2023-12-12,9.75,109.75,4.9907956299227045,3.6276992190497324,9.400079239447546,-5.772380020397813,-60.76138814115294,35.70381231671554,LOW
9.75_110.25,2023-12-12,9.75,110.25,3.342411753121269,3.424731422737932,9.400079239447546,-5.975347816709614,-62.89787343981244,33.87096774193548,LOW
9.75_110.75,2023-12-12,9.75,110.75,7.586867841262606,4.575974414767974,9.400079239447546,-4.824104824679572,-50.77962723351038,38.70967741935484,LOW
9.75_111.25,2023-12-12,9.75,111.25,10.87356706555995,8.74683558976699,9.400079239447546,-0.6532436496805563,-6.876191589729771,42.81524926686217,LOW
9.75_111.75,2023-12-12,9.75,111.75,6.706390208841566,4.527961494729635,0.535654623785559,3.9923068709440765,628.0622717991744,65.98240469208211,LOW
9.75_112.25,2023-12-12,9.75,112.25,1.256905509656262,0.5774914972786258,9.400079239447546,-8.82258774216892,-92.86857003817978,14.222873900293257,LOW
9.75_112.75,2023-12-12,9.75,112.75,0.5308163519240217,0.5774914972786258,9.400079239447546,-8.82258774216892,-92.86857003817978,14.222873900293257,LOW
9.75_113.25,2023-12-12,9.75,113.25,0.3439601392279137,0.5774914972786258,9.400079239447546,-8.82258774216892,-92.86857003817978,14.222873900293257,LOW
9.75_113.75,2023-12-12,9.75,113.75,0.3637877322196234,0.5774914972786258,9.400079239447546,-8.82258774216892,-92.86857003817978,14.222873900293257,LOW
9.75_114.25,2023-12-12,9.75,114.25,0.019827592991709705,0.5774914972786258,9.400079239447546,-8.82258774216892,-92.86857003817978,14.222873900293257,LOW
9.75_99.25,2023-12-12,9.75,99.25,1.2416109341873875,0.5774914972786258,1.6270853489818227,-1.0495938517031969,-60.772552573731765,32.55131964809384,LOW
9.75_99.75,2023-12-12,9.75,99.75,5.4573346651070604,3.6276992190497324,2.377234906919062,1.2504643121306702,50.478229119008866,48.09384164222874,LOW
